subject_id	subject_label	subject_type	subject_category	predicate_id	object_id	object_type	object_category	Comment	author_id	mapping_provider	mapping_date
dcterms:modified	Modified	rdf property	ods:DigitalSpecimen	http://www.w3.org/2004/02/skos/core#narrowMatch	abcd:dateLastEdited	rdf property	Unit		https://orcid.org/0000-0002-5669-2769	https://dissco.eu	2025-10-10
dcterms:modified	Modified	rdf property	ods:DigitalSpecimen	http://www.w3.org/2004/02/skos/core#narrowMatch	abcd:revisionData/dateModified	rdf property	Dataset		https://orcid.org/0000-0002-5669-2769	https://dissco.eu	2025-10-10
ods:physicalSpecimenID	Physical Specimen ID	rdf property	ods:DigitalSpecimen	http://www.w3.org/2004/02/skos/core#broadMatch	abcd:unitGUID	rdf property	Unit		https://orcid.org/0000-0002-5669-2769	https://dissco.eu	2025-10-10
ods:physicalSpecimenID	Physical Specimen ID	rdf property	ods:DigitalSpecimen	http://www.w3.org/2004/02/skos/core#exactMatch	abcd:unitID	rdf property	Unit		https://orcid.org/0000-0002-5669-2769	https://dissco.eu	2025-10-10
dcterms:license	License	rdf property	ods:DigitalSpecimen	http://www.w3.org/2004/02/skos/core#broadMatch	abcd:iprstatements/licenses/license/0/uri	rdf property	Unit		https://orcid.org/0000-0002-5669-2769	https://dissco.eu	2025-10-10
dcterms:license	License	rdf property	ods:DigitalSpecimen	http://www.w3.org/2004/02/skos/core#exactMatch	abcd:iprstatements/licenses/license/0/text	rdf property	Unit		https://orcid.org/0000-0002-5669-2769	https://dissco.eu	2025-10-10
dcterms:license	License	rdf property	ods:DigitalSpecimen	http://www.w3.org/2004/02/skos/core#narrowMatch	abcd:ipr/licenses/license/0/uri	rdf property	Dataset		https://orcid.org/0000-0002-5669-2769	https://dissco.eu	2025-10-10
dcterms:license	License	rdf property	ods:DigitalSpecimen	http://www.w3.org/2004/02/skos/core#narrowMatch	abcd:ipr/licenses/license/0/text	rdf property	Dataset		https://orcid.org/0000-0002-5669-2769	https://dissco.eu	2025-10-10
dwc:basisOfRecord	Basis Of Record	rdf property	ods:DigitalSpecimen	http://www.w3.org/2004/02/skos/core#exactMatch	abcd:recordBasis	rdf property	Unit		https://orcid.org/0000-0002-5669-2769	https://dissco.eu	2025-10-10
dwc:collectionID	Collection ID	rdf property	ods:DigitalSpecimen	http://www.w3.org/2004/02/skos/core#narrowMatch	abcd:sourceID	rdf property	Unit		https://orcid.org/0000-0002-5669-2769	https://dissco.eu	2025-10-10
dwc:preparations	Preparations	rdf property	ods:DigitalSpecimen	http://www.w3.org/2004/02/skos/core#narrowMatch	abcd:kindOfUnit/0/value	rdf property	Unit	Often used as preparartion but the description differs	https://orcid.org/0000-0002-5669-2769	https://dissco.eu	2025-10-10
dwc:preparations	Preparations	rdf property	ods:DigitalSpecimen	http://www.w3.org/2004/02/skos/core#exactMatch	abcd:specimenUnit/preparations/preparation/0/preparationType/value	rdf property	Unit		https://orcid.org/0000-0002-5669-2769	https://dissco.eu	2025-10-10
dwc:datasetName	Dataset Name	rdf property	ods:DigitalSpecimen	http://www.w3.org/2004/02/skos/core#narrowMatch	abcd:description/representation/0/title	rdf property	Dataset		https://orcid.org/0000-0002-5669-2769	https://dissco.eu	2025-10-10
dwc:datasetID	Dataset ID	rdf property	ods:DigitalSpecimen	http://www.w3.org/2004/02/skos/core#broadMatch	abcd:datasetGUID	rdf property	Dataset		https://orcid.org/0000-0002-5669-2769	https://dissco.eu	2025-10-10
dwc:verbatimLabel	Verbatim Label	rdf property	ods:DigitalSpecimen	http://www.w3.org/2004/02/skos/core#narrowMatch	abcd:specimenUnit/marks/mark/0/markText/value	rdf property	Unit		https://orcid.org/0000-0002-5669-2769	https://dissco.eu	2025-10-10
dwc:lifeStage	Life Stage	rdf property	ods:Event	http://www.w3.org/2004/02/skos/core#broadMatch	abcd:unit/mycologicalUnit/mycologicalSexualStage	rdf property	Unit	No description in abcd	https://orcid.org/0000-0002-5669-2769	https://dissco.eu	2025-10-10
dwc:lifeStage	Life Stage	rdf property	ods:Event	http://www.w3.org/2004/02/skos/core#broadMatch	abcd:unit/mycologicalUnit/mycologicalLiveStages/0/mycologicalLiveStage/value	rdf property	Unit	Uncertain about mapping	https://orcid.org/0000-0002-5669-2769	https://dissco.eu	2025-10-10
dwc:lifeStage	Life Stage	rdf property	ods:Event	http://www.w3.org/2004/02/skos/core#broadMatch	abcd:unit/zoologicalUnit/phasesOrStages/0/phaseOrStage/value	rdf property	Unit	ABCD term only for a specific group so dwc has a broader meaning	https://orcid.org/0000-0002-5669-2769	https://dissco.eu	2025-10-10
dwc:fieldNumber	Field Number	rdf property	ods:Event	http://www.w3.org/2004/02/skos/core#exactMatch	abcd:gathering/code	rdf property	Gathering		https://orcid.org/0000-0002-5669-2769	https://dissco.eu	2025-10-10
dwc:eventDate	Event Date	rdf property	ods:Event	http://www.w3.org/2004/02/skos/core#broadMatch	abcd:gathering/dateTime/isodateTimeBegin	rdf property	Gathering		https://orcid.org/0000-0002-5669-2769	https://dissco.eu	2025-10-10
dwc:eventDate	Event Date	rdf property	ods:Event	http://www.w3.org/2004/02/skos/core#broadMatch	abcd:gathering/dateTime/isodateTimeEnd	rdf property	Gathering		https://orcid.org/0000-0002-5669-2769	https://dissco.eu	2025-10-10
dwc:eventDate	Event Date	rdf property	ods:Event	http://www.w3.org/2004/02/skos/core#exactMatch	abcd:gathering/dateTime/dateText	rdf property	Gathering		https://orcid.org/0000-0002-5669-2769	https://dissco.eu	2025-10-10
dwc:verbatimEventDate	Verbatim Event Date	rdf property	ods:Event	http://www.w3.org/2004/02/skos/core#exactMatch	abcd:gathering/dateTime/dateText	rdf property	Gathering		https://orcid.org/0000-0002-5669-2769	https://dissco.eu	2025-10-10
dwc:habitat	Habitat	rdf property	ods:Event	http://www.w3.org/2004/02/skos/core#exactMatch	abcd:gathering/biotope/text/value	rdf property	Gathering		https://orcid.org/0000-0002-5669-2769	https://dissco.eu	2025-10-10
dwc:samplingProtocol	Sampling Protocol	rdf property	ods:Event	http://www.w3.org/2004/02/skos/core#exactMatch	abcd:gathering/method/value	rdf property	Gathering		https://orcid.org/0000-0002-5669-2769	https://dissco.eu	2025-10-10
dwc:fieldNotes	Field Notes	rdf property	ods:Event	http://www.w3.org/2004/02/skos/core#exactMatch	abcd:gathering/notes/value	rdf property	Gathering		https://orcid.org/0000-0002-5669-2769	https://dissco.eu	2025-10-10
dwc:eventRemarks	Event Remarks	rdf property	ods:Event	http://www.w3.org/2004/02/skos/core#narrowMatch	abcd:notes/value	rdf property	Unit		https://orcid.org/0000-0002-5669-2769	https://dissco.eu	2025-10-10
dwc:continent	Continent	rdf property	ods:Location	http://www.w3.org/2004/02/skos/core#exactMatch	abcd:gathering/namedAreas/namedArea/*/areaName/value	rdf property	Gathering	"First hit when abcd:gathering/namedAreas/namedArea/*/areaClass/value is ""Continent"""	https://orcid.org/0000-0002-5669-2769	https://dissco.eu	2025-10-10
dwc:waterBody	Water Body	rdf property	ods:Location	http://www.w3.org/2004/02/skos/core#exactMatch	abcd:gathering/namedAreas/namedArea/*/areaName/value	rdf property	Gathering	"First hit when abcd:gathering/namedAreas/namedArea/*/areaClass/value is ""Water body"""	https://orcid.org/0000-0002-5669-2769	https://dissco.eu	2025-10-10
dwc:islandGroup	Island Group	rdf property	ods:Location	http://www.w3.org/2004/02/skos/core#exactMatch	abcd:gathering/namedAreas/namedArea/*/areaName/value	rdf property	Gathering	"First hit when abcd:gathering/namedAreas/namedArea/*/areaClass/value is ""Island group"""	https://orcid.org/0000-0002-5669-2769	https://dissco.eu	2025-10-10
dwc:island	Island	rdf property	ods:Location	http://www.w3.org/2004/02/skos/core#exactMatch	abcd:gathering/namedAreas/namedArea/*/areaName/value	rdf property	Gathering	"First hit when abcd:gathering/namedAreas/namedArea/*/areaClass/value is ""Island"""	https://orcid.org/0000-0002-5669-2769	https://dissco.eu	2025-10-10
dwc:country	Country	rdf property	ods:Location	http://www.w3.org/2004/02/skos/core#exactMatch	abcd:gathering/country/name/value	rdf property	Gathering		https://orcid.org/0000-0002-5669-2769	https://dissco.eu	2025-10-10
dwc:country	Country	rdf property	ods:Location	http://www.w3.org/2004/02/skos/core#narrowMatch	abcd:gathering/country/nameDerived/value	rdf property	Gathering		https://orcid.org/0000-0002-5669-2769	https://dissco.eu	2025-10-10
dwc:countryCode	Country Code	rdf property	ods:Location	http://www.w3.org/2004/02/skos/core#exactMatch	abcd:gathering/country/iso3166Code	rdf property	Gathering		https://orcid.org/0000-0002-5669-2769	https://dissco.eu	2025-10-10
dwc:stateProvince	State Province	rdf property	ods:Location	http://www.w3.org/2004/02/skos/core#exactMatch	abcd:gathering/namedAreas/namedArea/*/areaName/value	rdf property	Gathering	"First hit when abcd:gathering/namedAreas/namedArea/*/areaClass/value is ""State"""	https://orcid.org/0000-0002-5669-2769	https://dissco.eu	2025-10-10
dwc:stateProvince	State Province	rdf property	ods:Location	http://www.w3.org/2004/02/skos/core#exactMatch	abcd:gathering/namedAreas/namedArea/*/areaName/value	rdf property	Gathering	"First hit when abcd:gathering/namedAreas/namedArea/*/areaClass/value is ""Province"""	https://orcid.org/0000-0002-5669-2769	https://dissco.eu	2025-10-10
dwc:county	County	rdf property	ods:Location	http://www.w3.org/2004/02/skos/core#exactMatch	abcd:gathering/namedAreas/namedArea/*/areaName/value	rdf property	Gathering	"First hit when abcd:gathering/namedAreas/namedArea/*/areaClass/value is ""County"""	https://orcid.org/0000-0002-5669-2769	https://dissco.eu	2025-10-10
dwc:municipality	Municipality	rdf property	ods:Location	http://www.w3.org/2004/02/skos/core#exactMatch	abcd:gathering/namedAreas/namedArea/*/areaName/value	rdf property	Gathering	"First hit when abcd:gathering/namedAreas/namedArea/*/areaClass/value is ""Municipality"""	https://orcid.org/0000-0002-5669-2769	https://dissco.eu	2025-10-10
dwc:locality	Locality	rdf property	ods:Location	http://www.w3.org/2004/02/skos/core#exactMatch	abcd:gathering/localityText/value	rdf property	Gathering		https://orcid.org/0000-0002-5669-2769	https://dissco.eu	2025-10-10
dwc:minimumElevationInMeters	Minimum Elevation In Meters	rdf property	ods:Location	http://www.w3.org/2004/02/skos/core#exactMatch	abcd:gathering/altitude/measurementOrFactAtomised/lowerValue/value	rdf property	Gathering	"Tries to parse string to number with regex ""((-\\s?)?\\d+([.,]\\d+)?)\\s*m\\.?(eter)?(tr?.?)?(\\sm.?)?"""	https://orcid.org/0000-0002-5669-2769	https://dissco.eu	2025-10-10
dwc:minimumElevationInMeters	Minimum Elevation In Meters	rdf property	ods:Location	http://www.w3.org/2004/02/skos/core#narrowMatch	abcd:gathering/altitude/measurementOrFactText/value	rdf property	Gathering	"Tries to parse string to number with regex ""((-\\s?)?\\d+([.,]\\d+)?)\\s*m\\.?(eter)?(tr?.?)?(\\sm.?)?"""	https://orcid.org/0000-0002-5669-2769	https://dissco.eu	2025-10-10
dwc:maximumElevationInMeters	Maximum Elevation In Meters	rdf property	ods:Location	http://www.w3.org/2004/02/skos/core#exactMatch	abcd:gathering/altitude/measurementOrFactAtomised/upperValue/value	rdf property	Gathering	"Tries to parse string to number with regex ""((-\\s?)?\\d+([.,]\\d+)?)\\s*m\\.?(eter)?(tr?.?)?(\\sm.?)?"""	https://orcid.org/0000-0002-5669-2769	https://dissco.eu	2025-10-10
dwc:maximumElevationInMeters	Maximum Elevation In Meters	rdf property	ods:Location	http://www.w3.org/2004/02/skos/core#narrowMatch	abcd:gathering/altitude/measurementOrFactText/value	rdf property	Gathering	"Tries to parse string to number with regex ""((-\\s?)?\\d+([.,]\\d+)?)\\s*m\\.?(eter)?(tr?.?)?(\\sm.?)?"""	https://orcid.org/0000-0002-5669-2769	https://dissco.eu	2025-10-10
dwc:minimumDistanceAboveSurfaceInMeters	Minimum Distance Above Surface In Meters	rdf property	ods:Location	http://www.w3.org/2004/02/skos/core#exactMatch	abcd:gathering/height/measurementOrFactAtomised/lowerValue/value	rdf property	Gathering	"Tries to parse string to number with regex ""((-\\s?)?\\d+([.,]\\d+)?)\\s*m\\.?(eter)?(tr?.?)?(\\sm.?)?"""	https://orcid.org/0000-0002-5669-2769	https://dissco.eu	2025-10-10
dwc:maximumDistanceAboveSurfaceInMeters	Maximum Distance Above Surface In Meters	rdf property	ods:Location	http://www.w3.org/2004/02/skos/core#exactMatch	abcd:gathering/height/measurementOrFactAtomised/upperValue/value	rdf property	Gathering	"Tries to parse string to number with regex ""((-\\s?)?\\d+([.,]\\d+)?)\\s*m\\.?(eter)?(tr?.?)?(\\sm.?)?"""	https://orcid.org/0000-0002-5669-2769	https://dissco.eu	2025-10-10
dwc:minimumDepthInMeters	Minimum Depth In Meters	rdf property	ods:Location	http://www.w3.org/2004/02/skos/core#exactMatch	abcd:gathering/depth/measurementOrFactAtomised/lowerValue/value	rdf property	Gathering	"Tries to parse string to number with regex ""((-\\s?)?\\d+([.,]\\d+)?)\\s*m\\.?(eter)?(tr?.?)?(\\sm.?)?"""	https://orcid.org/0000-0002-5669-2769	https://dissco.eu	2025-10-10
dwc:minimumDepthInMeters	Minimum Depth In Meters	rdf property	ods:Location	http://www.w3.org/2004/02/skos/core#narrowMatch	abcd:gathering/depth/measurementOrFactText/value	rdf property	Gathering	"Tries to parse string to number with regex ""((-\\s?)?\\d+([.,]\\d+)?)\\s*m\\.?(eter)?(tr?.?)?(\\sm.?)?"""	https://orcid.org/0000-0002-5669-2769	https://dissco.eu	2025-10-10
dwc:maximumDepthInMeters	Maximum Depth In Meters	rdf property	ods:Location	http://www.w3.org/2004/02/skos/core#exactMatch	abcd:gathering/depth/measurementOrFactAtomised/upperValue/value	rdf property	Gathering	"Tries to parse string to number with regex ""((-\\s?)?\\d+([.,]\\d+)?)\\s*m\\.?(eter)?(tr?.?)?(\\sm.?)?"""	https://orcid.org/0000-0002-5669-2769	https://dissco.eu	2025-10-10
dwc:maximumDepthInMeters	Maximum Depth In Meters	rdf property	ods:Location	http://www.w3.org/2004/02/skos/core#narrowMatch	abcd:gathering/depth/measurementOrFactText/value	rdf property	Gathering	"Tries to parse string to number with regex ""((-\\s?)?\\d+([.,]\\d+)?)\\s*m\\.?(eter)?(tr?.?)?(\\sm.?)?"""	https://orcid.org/0000-0002-5669-2769	https://dissco.eu	2025-10-10
dwc:locationRemarks	Location Remarks	rdf property	ods:Location	http://www.w3.org/2004/02/skos/core#broadMatch	abcd:gathering/areaDetail/value	rdf property	Gathering		https://orcid.org/0000-0002-5669-2769	https://dissco.eu	2025-10-10
dwc:verbatimCoordinates	Verbatim Coordinates	rdf property	ods:Georeference	http://www.w3.org/2004/02/skos/core#broadMatch	abcd:gathering/siteCoordinateSets/siteCoordinates/0/coordinatesUTM/uTMText	rdf property	CoordinatesLatLong		https://orcid.org/0000-0002-5669-2769	https://dissco.eu	2025-10-10
dwc:decimalLatitude	Decimal Latitude	rdf property	ods:Georeference	http://www.w3.org/2004/02/skos/core#exactMatch	abcd:gathering/siteCoordinateSets/siteCoordinates/0/coordinatesLatLong/latitudeDecimal	rdf property	CoordinatesLatLong	Only takes first set of coordinates	https://orcid.org/0000-0002-5669-2769	https://dissco.eu	2025-10-10
dwc:decimalLongitude	Decimal Longitude	rdf property	ods:Georeference	http://www.w3.org/2004/02/skos/core#exactMatch	abcd:gathering/siteCoordinateSets/siteCoordinates/0/coordinatesLatLong/longitudeDecimal	rdf property	CoordinatesLatLong	Only takes first set of coordinates	https://orcid.org/0000-0002-5669-2769	https://dissco.eu	2025-10-10
dwc:verbatimCoordinateSystem	Verbatim Coordinate System	rdf property	ods:Georeference	http://www.w3.org/2004/02/skos/core#broadMatch	abcd:gathering/siteCoordinateSets/siteCoordinates/0/coordinatesGrid/gridCellSystem	rdf property	CoordinatesLatLong		https://orcid.org/0000-0002-5669-2769	https://dissco.eu	2025-10-10
dwc:geodeticDatum	Geodetic Datum	rdf property	ods:Georeference	http://www.w3.org/2004/02/skos/core#exactMatch	abcd:gathering/siteCoordinateSets/siteCoordinates/0/coordinatesLatLong/spatialDatum	rdf property	CoordinatesLatLong		https://orcid.org/0000-0002-5669-2769	https://dissco.eu	2025-10-10
dwc:coordinateUncertaintyInMeters	Coordinate Uncertainty In Meters	rdf property	ods:Georeference	http://www.w3.org/2004/02/skos/core#exactMatch	abcd:gathering/siteCoordinateSets/siteCoordinates/0/coordinatesLatLong/coordinateErrorDistanceInMeters	rdf property	CoordinatesLatLong		https://orcid.org/0000-0002-5669-2769	https://dissco.eu	2025-10-10
dwc:coordinatePrecision	Coordinate Precision	rdf property	ods:Georeference	http://www.w3.org/2004/02/skos/core#narrowMatch	abcd:gathering/siteCoordinateSets/siteCoordinates/0/coordinatesLatLong/iSOAccuracy	rdf property	CoordinatesLatLong	Unclear if this ABCD term is still present (does look to be in use in ABCD 2.06	https://orcid.org/0000-0002-5669-2769	https://dissco.eu	2025-10-10
dwc:coordinatePrecision	Coordinate Precision	rdf property	ods:Georeference	http://www.w3.org/2004/02/skos/core#narrowMatch	abcd:gathering/siteCoordinateSets/siteCoordinates/0/coordinatesLatLong/accuracyStatement	rdf property	CoordinatesLatLong		https://orcid.org/0000-0002-5669-2769	https://dissco.eu	2025-10-10
dwc:GeoreferenceProtocol	Georeference Protocol	rdf property	ods:Georeference	http://www.w3.org/2004/02/skos/core#narrowMatch	abcd:gathering/siteCoordinateSets/siteCoordinates/0/coordinateMethod	rdf property	CoordinatesLatLong		https://orcid.org/0000-0002-5669-2769	https://dissco.eu	2025-10-10
dwc:latestEonOrHighestEonothem	Latest Eon Or Highest Eonothem	rdf property	ods:GeologicalContext	http://www.w3.org/2004/02/skos/core#exactMatch	abcd-efg:earthScienceSpecimen/unitStratigraphicDetermination/chronostratigraphicAttributions/chronostratigraphicAttribution/*/chronostratigraphicName	rdf property	ChronostratigraphicAttribution	"First hit when abcd-efg:earthScienceSpecimen/unitStratigraphicDetermination/chronostratigraphicAttributions/chronostratigraphicAttribution/*/chronoStratigraphicDivision is ""Eonothem"""	https://orcid.org/0000-0002-5669-2769	https://dissco.eu	2025-10-10
dwc:earliestEraOrLowestErathem	Earliest Era Or Lowest Erathem	rdf property	ods:GeologicalContext	http://www.w3.org/2004/02/skos/core#exactMatch	abcd-efg:earthScienceSpecimen/unitStratigraphicDetermination/chronostratigraphicAttributions/chronostratigraphicAttribution/*/chronostratigraphicName	rdf property	ChronostratigraphicAttribution	"First hit when abcd-efg:earthScienceSpecimen/unitStratigraphicDetermination/chronostratigraphicAttributions/chronostratigraphicAttribution/*/chronoStratigraphicDivision is ""Erathem"""	https://orcid.org/0000-0002-5669-2769	https://dissco.eu	2025-10-10
dwc:latestEraOrHighestErathem	Latest Era Or Highest Erathem	rdf property	ods:GeologicalContext	http://www.w3.org/2004/02/skos/core#exactMatch	abcd-efg:earthScienceSpecimen/unitStratigraphicDetermination/chronostratigraphicAttributions/chronostratigraphicAttribution/*/chronostratigraphicName	rdf property	ChronostratigraphicAttribution	"First hit when abcd-efg:earthScienceSpecimen/unitStratigraphicDetermination/chronostratigraphicAttributions/chronostratigraphicAttribution/*/chronoStratigraphicDivision is ""Erathem"""	https://orcid.org/0000-0002-5669-2769	https://dissco.eu	2025-10-10
dwc:earliestPeriodOrLowestSystem	Earliest Period Or Lowest System	rdf property	ods:GeologicalContext	http://www.w3.org/2004/02/skos/core#exactMatch	abcd-efg:earthScienceSpecimen/unitStratigraphicDetermination/chronostratigraphicAttributions/chronostratigraphicAttribution/*/chronostratigraphicName	rdf property	ChronostratigraphicAttribution	"First hit when abcd-efg:earthScienceSpecimen/unitStratigraphicDetermination/chronostratigraphicAttributions/chronostratigraphicAttribution/*/chronoStratigraphicDivision is ""System"""	https://orcid.org/0000-0002-5669-2769	https://dissco.eu	2025-10-10
dwc:latestPeriodOrHighestSystem	Latest Period Or Highest System	rdf property	ods:GeologicalContext	http://www.w3.org/2004/02/skos/core#exactMatch	abcd-efg:earthScienceSpecimen/unitStratigraphicDetermination/chronostratigraphicAttributions/chronostratigraphicAttribution/*/chronostratigraphicName	rdf property	ChronostratigraphicAttribution	"First hit when abcd-efg:earthScienceSpecimen/unitStratigraphicDetermination/chronostratigraphicAttributions/chronostratigraphicAttribution/*/chronoStratigraphicDivision is ""System"""	https://orcid.org/0000-0002-5669-2769	https://dissco.eu	2025-10-10
dwc:earliestEpochOrLowestSeries	Earliest Epoch Or Lowest Series	rdf property	ods:GeologicalContext	http://www.w3.org/2004/02/skos/core#exactMatch	abcd-efg:earthScienceSpecimen/unitStratigraphicDetermination/chronostratigraphicAttributions/chronostratigraphicAttribution/*/chronostratigraphicName	rdf property	ChronostratigraphicAttribution	"First hit when abcd-efg:earthScienceSpecimen/unitStratigraphicDetermination/chronostratigraphicAttributions/chronostratigraphicAttribution/*/chronoStratigraphicDivision is any of ""SubSeries"", ""SubSerie"", ""Series"", ""Serie"""	https://orcid.org/0000-0002-5669-2769	https://dissco.eu	2025-10-10
dwc:latestEpochOrHighestSeries	Latest Epoch Or Highest Series	rdf property	ods:GeologicalContext	http://www.w3.org/2004/02/skos/core#exactMatch	abcd-efg:earthScienceSpecimen/unitStratigraphicDetermination/chronostratigraphicAttributions/chronostratigraphicAttribution/*/chronostratigraphicName	rdf property	ChronostratigraphicAttribution	"First hit when abcd-efg:earthScienceSpecimen/unitStratigraphicDetermination/chronostratigraphicAttributions/chronostratigraphicAttribution/*/chronoStratigraphicDivision is any of ""SubSeries"", ""SubSerie"", ""Series"", ""Serie"""	https://orcid.org/0000-0002-5669-2769	https://dissco.eu	2025-10-10
dwc:earliestAgeOrLowestStage	Earliest Age Or Lowest Stage	rdf property	ods:GeologicalContext	http://www.w3.org/2004/02/skos/core#exactMatch	abcd-efg:earthScienceSpecimen/unitStratigraphicDetermination/chronostratigraphicAttributions/chronostratigraphicAttribution/*/chronostratigraphicName	rdf property	ChronostratigraphicAttribution	"First hit when abcd-efg:earthScienceSpecimen/unitStratigraphicDetermination/chronostratigraphicAttributions/chronostratigraphicAttribution/*/chronoStratigraphicDivision is any of ""SubStage"", ""Stage"""	https://orcid.org/0000-0002-5669-2769	https://dissco.eu	2025-10-10
dwc:latestAgeOrHighestStage	Latest Age Or Highest Stage	rdf property	ods:GeologicalContext	http://www.w3.org/2004/02/skos/core#exactMatch	abcd-efg:earthScienceSpecimen/unitStratigraphicDetermination/chronostratigraphicAttributions/chronostratigraphicAttribution/*/chronostratigraphicName	rdf property	ChronostratigraphicAttribution	"First hit when abcd-efg:earthScienceSpecimen/unitStratigraphicDetermination/chronostratigraphicAttributions/chronostratigraphicAttribution/*/chronoStratigraphicDivision is any of ""SubStage"", ""Stage"""	https://orcid.org/0000-0002-5669-2769	https://dissco.eu	2025-10-10
dwc:lowestBiostratigraphicZone	Lowest Biostratigraphic Zone	rdf property	ods:GeologicalContext	http://www.w3.org/2004/02/skos/core#narrowMatch	abcd-efg:earthScienceSpecimen/unitStratigraphicDetermination/biostratigraphicAttributionsType/biostratigraphicAttribution/0/zonalFossilType	rdf property	BiostratigraphicAttribution		https://orcid.org/0000-0002-5669-2769	https://dissco.eu	2025-10-10
dwc:lowestBiostratigraphicZone	Lowest Biostratigraphic Zone	rdf property	ods:GeologicalContext	http://www.w3.org/2004/02/skos/core#narrowMatch	abcd-efg:earthScienceSpecimen/unitStratigraphicDetermination/biostratigraphicAttributionsType/biostratigraphicAttribution/0/fossilZoneName	rdf property	BiostratigraphicAttribution		https://orcid.org/0000-0002-5669-2769	https://dissco.eu	2025-10-10
dwc:lowestBiostratigraphicZone	Lowest Biostratigraphic Zone	rdf property	ods:GeologicalContext	http://www.w3.org/2004/02/skos/core#broadMatch	abcd-efg:earthScienceSpecimen/unitStratigraphicDetermination/biostratigraphicAttributionsType/biostratigraphicAttribution/0/fossilSubzoneName	rdf property	BiostratigraphicAttribution		https://orcid.org/0000-0002-5669-2769	https://dissco.eu	2025-10-10
dwc:highestBiostratigraphicZone	Highest Biostratigraphic Zone	rdf property	ods:GeologicalContext	http://www.w3.org/2004/02/skos/core#narrowMatch	abcd-efg:earthScienceSpecimen/unitStratigraphicDetermination/biostratigraphicAttributionsType/biostratigraphicAttribution/0/zonalFossilType	rdf property	BiostratigraphicAttribution		https://orcid.org/0000-0002-5669-2769	https://dissco.eu	2025-10-10
dwc:highestBiostratigraphicZone	Highest Biostratigraphic Zone	rdf property	ods:GeologicalContext	http://www.w3.org/2004/02/skos/core#narrowMatch	abcd-efg:earthScienceSpecimen/unitStratigraphicDetermination/biostratigraphicAttributionsType/biostratigraphicAttribution/0/fossilZoneName	rdf property	BiostratigraphicAttribution		https://orcid.org/0000-0002-5669-2769	https://dissco.eu	2025-10-10
dwc:highestBiostratigraphicZone	Highest Biostratigraphic Zone	rdf property	ods:GeologicalContext	http://www.w3.org/2004/02/skos/core#broadMatch	abcd-efg:earthScienceSpecimen/unitStratigraphicDetermination/biostratigraphicAttributionsType/biostratigraphicAttribution/0/fossilSubzoneName	rdf property	BiostratigraphicAttribution		https://orcid.org/0000-0002-5669-2769	https://dissco.eu	2025-10-10
dwc:lithostratigraphicTerms	Lithostratigraphic Terms	rdf property	ods:GeologicalContext	http://www.w3.org/2004/02/skos/core#exactMatch	abcd:gathering/stratigraphy/lithostratigraphicTerms/lithostratigraphicTerm/0/term	rdf property	LithostratigraphicAttribution	Takes the first lithostratigraphicAttribution	https://orcid.org/0000-0002-5669-2769	https://dissco.eu	2025-10-10
dwc:group	Group	rdf property	ods:GeologicalContext	http://www.w3.org/2004/02/skos/core#exactMatch	abcd-efg:earthScienceSpecimen/unitStratigraphicDetermination/lithostratigraphicAttributions/lithostratigraphicAttribution/0/group	rdf property	LithostratigraphicAttribution	Takes the first lithostratigraphicAttribution	https://orcid.org/0000-0002-5669-2769	https://dissco.eu	2025-10-10
dwc:formation	Formation	rdf property	ods:GeologicalContext	http://www.w3.org/2004/02/skos/core#exactMatch	abcd-efg:earthScienceSpecimen/unitStratigraphicDetermination/lithostratigraphicAttributions/lithostratigraphicAttribution/0/formation	rdf property	LithostratigraphicAttribution	Takes the first lithostratigraphicAttribution	https://orcid.org/0000-0002-5669-2769	https://dissco.eu	2025-10-10
dwc:member	Member	rdf property	ods:GeologicalContext	http://www.w3.org/2004/02/skos/core#exactMatch	abcd-efg:earthScienceSpecimen/unitStratigraphicDetermination/lithostratigraphicAttributions/lithostratigraphicAttribution/0/member	rdf property	LithostratigraphicAttribution	Takes the first lithostratigraphicAttribution	https://orcid.org/0000-0002-5669-2769	https://dissco.eu	2025-10-10
dwc:bed	Bed	rdf property	ods:GeologicalContext	http://www.w3.org/2004/02/skos/core#exactMatch	abcd-efg:earthScienceSpecimen/unitStratigraphicDetermination/lithostratigraphicAttributions/lithostratigraphicAttribution/0/bed	rdf property	LithostratigraphicAttribution	Takes the first lithostratigraphicAttribution	https://orcid.org/0000-0002-5669-2769	https://dissco.eu	2025-10-10
dwc:typeStatus	Type Status	rdf property	ods:Identification	http://www.w3.org/2004/02/skos/core#exactMatch	abcd:specimenUnit/nomenclaturalTypeDesignations/nomenclaturalTypeDesignation/*/typeStatus	rdf property	Identification	When abcd:specimenUnit/nomenclaturalTypeDesignations/nomenclaturalTypeDesignation/*/typifiedName/fullScientificNameString matches the scientific name in the first TaxonIdentification of this Identification	https://orcid.org/0000-0002-5669-2769	https://dissco.eu	2025-10-10
dwc:dateIdentified	Date Identified	rdf property	ods:Identification	http://www.w3.org/2004/02/skos/core#exactMatch	date/dateText	rdf property	Identification		https://orcid.org/0000-0002-5669-2769	https://dissco.eu	2025-10-10
ods:isVerifiedIdentification	Is Verified Identification	rdf property	ods:Identification	http://www.w3.org/2004/02/skos/core#exactMatch	preferredFlag	rdf property	Identification		https://orcid.org/0000-0002-5669-2769	https://dissco.eu	2025-10-10
dwc:identificationRemarks	Identification Remarks	rdf property	ods:Identification	http://www.w3.org/2004/02/skos/core#exactMatch	notes/value	rdf property	Identification		https://orcid.org/0000-0002-5669-2769	https://dissco.eu	2025-10-10
dwc:identificationQualifier	Identification Qualifier	rdf property	ods:Identification	http://www.w3.org/2004/02/skos/core#exactMatch	result/taxonIdentified/scientificName/identificationQualifier/nameAddendum	rdf property	Identification		https://orcid.org/0000-0002-5669-2769	https://dissco.eu	2025-10-10
dwc:scientificName	Scientific Name	rdf property	ods:TaxonIdentification	http://www.w3.org/2004/02/skos/core#exactMatch	result/taxonIdentified/scientificName/fullScientificNameString	rdf property	Identification		https://orcid.org/0000-0002-5669-2769	https://dissco.eu	2025-10-10
dwc:scientificName	Scientific Name	rdf property	ods:TaxonIdentification	http://www.w3.org/2004/02/skos/core#narrowMatch	result/taxonIdentified/informalNameString/value	rdf property	Identification		https://orcid.org/0000-0002-5669-2769	https://dissco.eu	2025-10-10
dwc:scientificName	Scientific Name	rdf property	ods:TaxonIdentification	http://www.w3.org/2004/02/skos/core#narrowMatch	result/taxonIdentified/scientificName/nameAtomised/zoological/namedIndividual	rdf property	Identification	ABCD has no description. Maybe this should be the organism name?	https://orcid.org/0000-0002-5669-2769	https://dissco.eu	2025-10-10
dwc:scientificNameAuthorship	Scientific Name Authorship	rdf property	ods:TaxonIdentification	http://www.w3.org/2004/02/skos/core#broadMatch	result/taxonIdentified/scientificName/nameAtomised/botanical/authorTeam	rdf property	Identification		https://orcid.org/0000-0002-5669-2769	https://dissco.eu	2025-10-10
dwc:taxonRank	Taxon Rank	rdf property	ods:TaxonIdentification	http://www.w3.org/2004/02/skos/core#broadMatch	result/taxonIdentified/scientificName/nameAtomised/botanical/rank	rdf property	Identification		https://orcid.org/0000-0002-5669-2769	https://dissco.eu	2025-10-10
dwc:verbatimTaxonRank	Verbatim Taxon Rank	rdf property	ods:TaxonIdentification	http://www.w3.org/2004/02/skos/core#broadMatch	result/taxonIdentified/scientificName/nameAtomised/botanical/rank	rdf property	Identification		https://orcid.org/0000-0002-5669-2769	https://dissco.eu	2025-10-10
dwc:kingdom	Kingdom	rdf property	ods:TaxonIdentification	http://www.w3.org/2004/02/skos/core#exactMatch	result/taxonIdentified/higherTaxa/higherTaxon/*/higherTaxonName	rdf property	Identification	"When result/taxonIdentified/higherTaxa/higherTaxon/*/higherTaxonRank is one of ""regnum"", ""kingdom"""	https://orcid.org/0000-0002-5669-2769	https://dissco.eu	2025-10-10
dwc:phylum	Phylum	rdf property	ods:TaxonIdentification	http://www.w3.org/2004/02/skos/core#exactMatch	result/taxonIdentified/higherTaxa/higherTaxon/*/higherTaxonName	rdf property	Identification	"When result/taxonIdentified/higherTaxa/higherTaxon/*/higherTaxonRank is one of ""phylum"", ""divisio"""	https://orcid.org/0000-0002-5669-2769	https://dissco.eu	2025-10-10
dwc:class	Class	rdf property	ods:TaxonIdentification	http://www.w3.org/2004/02/skos/core#exactMatch	result/taxonIdentified/higherTaxa/higherTaxon/*/higherTaxonName	rdf property	Identification	"When result/taxonIdentified/higherTaxa/higherTaxon/*/higherTaxonRank is one of ""classis"", ""class"""	https://orcid.org/0000-0002-5669-2769	https://dissco.eu	2025-10-10
dwc:order	Order	rdf property	ods:TaxonIdentification	http://www.w3.org/2004/02/skos/core#exactMatch	result/taxonIdentified/higherTaxa/higherTaxon/*/higherTaxonName	rdf property	Identification	"When result/taxonIdentified/higherTaxa/higherTaxon/*/higherTaxonRank is one of ""ordo"", ""order"""	https://orcid.org/0000-0002-5669-2769	https://dissco.eu	2025-10-10
dwc:family	Family	rdf property	ods:TaxonIdentification	http://www.w3.org/2004/02/skos/core#exactMatch	result/taxonIdentified/higherTaxa/higherTaxon/*/higherTaxonName	rdf property	Identification	"When result/taxonIdentified/higherTaxa/higherTaxon/*/higherTaxonRank is one of ""familia"", ""family"""	https://orcid.org/0000-0002-5669-2769	https://dissco.eu	2025-10-10
dwc:subfamily	Subfamily	rdf property	ods:TaxonIdentification	http://www.w3.org/2004/02/skos/core#exactMatch	result/taxonIdentified/higherTaxa/higherTaxon/*/higherTaxonName	rdf property	Identification	"When result/taxonIdentified/higherTaxa/higherTaxon/*/higherTaxonRank is one of ""subfamilia"", ""subfamily"""	https://orcid.org/0000-0002-5669-2769	https://dissco.eu	2025-10-10
dwc:genus	Genus	rdf property	ods:TaxonIdentification	http://www.w3.org/2004/02/skos/core#broadMatch	result/taxonIdentified/scientificName/nameAtomised/botanical/genusOrMonomial	rdf property	Identification		https://orcid.org/0000-0002-5669-2769	https://dissco.eu	2025-10-10
dwc:genus	Genus	rdf property	ods:TaxonIdentification	http://www.w3.org/2004/02/skos/core#broadMatch	result/taxonIdentified/scientificName/nameAtomised/zoological/genusOrMonomial	rdf property	Identification		https://orcid.org/0000-0002-5669-2769	https://dissco.eu	2025-10-10
dwc:specificEpithet	Specific Epithet	rdf property	ods:TaxonIdentification	http://www.w3.org/2004/02/skos/core#broadMatch	result/taxonIdentified/scientificName/nameAtomised/botanical/firstEpithet	rdf property	Identification		https://orcid.org/0000-0002-5669-2769	https://dissco.eu	2025-10-10
dwc:specificEpithet	Specific Epithet	rdf property	ods:TaxonIdentification	http://www.w3.org/2004/02/skos/core#broadMatch	result/taxonIdentified/scientificName/nameAtomised/zoological/speciesEpithet	rdf property	Identification		https://orcid.org/0000-0002-5669-2769	https://dissco.eu	2025-10-10
dwc:specificEpithet	Specific Epithet	rdf property	ods:TaxonIdentification	http://www.w3.org/2004/02/skos/core#broadMatch	result/taxonIdentified/scientificName/nameAtomised/bacterial/speciesEpithet	rdf property	Identification		https://orcid.org/0000-0002-5669-2769	https://dissco.eu	2025-10-10
dwc:nomenclaturalCode	Nomenclatural Code	rdf property	ods:TaxonIdentification	http://www.w3.org/2004/02/skos/core#exactMatch	result/taxonIdentified/code	rdf property	Identification		https://orcid.org/0000-0002-5669-2769	https://dissco.eu	2025-10-10
dwc:subgenus	Subgenus	rdf property	ods:TaxonIdentification	http://www.w3.org/2004/02/skos/core#broadMatch	result/taxonIdentified/scientificName/nameAtomised/zoological/subgenus	rdf property	Identification		https://orcid.org/0000-0002-5669-2769	https://dissco.eu	2025-10-10
dwc:subgenus	Subgenus	rdf property	ods:TaxonIdentification	http://www.w3.org/2004/02/skos/core#broadMatch	result/taxonIdentified/scientificName/nameAtomised/bacterial/subgenus	rdf property	Identification		https://orcid.org/0000-0002-5669-2769	https://dissco.eu	2025-10-10
dwc:cultivarEpithet	Cultivar Epithet	rdf property	ods:TaxonIdentification	http://www.w3.org/2004/02/skos/core#broadMatch	result/taxonIdentified/scientificName/nameAtomised/botanical/cultivarName	rdf property	Identification		https://orcid.org/0000-0002-5669-2769	https://dissco.eu	2025-10-10
dwc:cultivarEpithet	Cultivar Epithet	rdf property	ods:TaxonIdentification	http://www.w3.org/2004/02/skos/core#broadMatch	result/taxonIdentified/scientificName/nameAtomised/botanical/cultivarGroupName	rdf property	Identification		https://orcid.org/0000-0002-5669-2769	https://dissco.eu	2025-10-10
dwc:infragenericEpithet	Infrageneric Epithet	rdf property	ods:TaxonIdentification	http://www.w3.org/2004/02/skos/core#broadMatch	result/taxonIdentified/scientificName/nameAtomised/botanical/firstEpithet	rdf property	Identification		https://orcid.org/0000-0002-5669-2769	https://dissco.eu	2025-10-10
dwc:infragenericEpithet	Infrageneric Epithet	rdf property	ods:TaxonIdentification	http://www.w3.org/2004/02/skos/core#broadMatch	result/taxonIdentified/scientificName/nameAtomised/zoological/subgenus	rdf property	Identification		https://orcid.org/0000-0002-5669-2769	https://dissco.eu	2025-10-10
dwc:infragenericEpithet	Infrageneric Epithet	rdf property	ods:TaxonIdentification	http://www.w3.org/2004/02/skos/core#broadMatch	result/taxonIdentified/scientificName/nameAtomised/bacterial/subgenus	rdf property	Identification		https://orcid.org/0000-0002-5669-2769	https://dissco.eu	2025-10-10
dwc:infraspecificEpithet	Infraspecific Epithet	rdf property	ods:TaxonIdentification	http://www.w3.org/2004/02/skos/core#broadMatch	result/taxonIdentified/scientificName/nameAtomised/botanical/infraspecificEpithet	rdf property	Identification		https://orcid.org/0000-0002-5669-2769	https://dissco.eu	2025-10-10
dwc:infraspecificEpithet	Infraspecific Epithet	rdf property	ods:TaxonIdentification	http://www.w3.org/2004/02/skos/core#broadMatch	result/taxonIdentified/scientificName/nameAtomised/botanical/secondEpithet	rdf property	Identification		https://orcid.org/0000-0002-5669-2769	https://dissco.eu	2025-10-10
dwc:infraspecificEpithet	Infraspecific Epithet	rdf property	ods:TaxonIdentification	http://www.w3.org/2004/02/skos/core#broadMatch	result/taxonIdentified/scientificName/nameAtomised/zoological/subspeciesEpithet	rdf property	Identification		https://orcid.org/0000-0002-5669-2769	https://dissco.eu	2025-10-10
dwc:infraspecificEpithet	Infraspecific Epithet	rdf property	ods:TaxonIdentification	http://www.w3.org/2004/02/skos/core#broadMatch	result/taxonIdentified/scientificName/nameAtomised/bacterial/subspeciesEpithet	rdf property	Identification		https://orcid.org/0000-0002-5669-2769	https://dissco.eu	2025-10-10
dwc:subtribe	Subtribe	rdf property	ods:TaxonIdentification	http://www.w3.org/2004/02/skos/core#exactMatch	result/taxonIdentified/higherTaxa/higherTaxon/*/higherTaxonName	rdf property	Identification	"When result/taxonIdentified/higherTaxa/higherTaxon/*/higherTaxonRank is one of ""subtribus"", ""subtribe"""	https://orcid.org/0000-0002-5669-2769	https://dissco.eu	2025-10-10
dwc:superfamily	Superfamily	rdf property	ods:TaxonIdentification	http://www.w3.org/2004/02/skos/core#exactMatch	result/taxonIdentified/higherTaxa/higherTaxon/*/higherTaxonName	rdf property	Identification	"When result/taxonIdentified/higherTaxa/higherTaxon/*/higherTaxonRank is one of ""superfamilia"", ""superfamily"""	https://orcid.org/0000-0002-5669-2769	https://dissco.eu	2025-10-10
dwc:tribe	Tribe	rdf property	ods:TaxonIdentification	http://www.w3.org/2004/02/skos/core#exactMatch	result/taxonIdentified/higherTaxa/higherTaxon/*/higherTaxonName	rdf property	Identification	"When result/taxonIdentified/higherTaxa/higherTaxon/*/higherTaxonRank is one of ""tribus"", ""tribe"""	https://orcid.org/0000-0002-5669-2769	https://dissco.eu	2025-10-10
chrono:verbatimChronometricAge	Verbatim Chronometric Age	rdf property	ods:ChronometricAge	http://www.w3.org/2004/02/skos/core#broadMatch	datingAccuracy	rdf property	RadiometricDates		https://orcid.org/0000-0002-5669-2769	https://dissco.eu	2025-10-10
chrono:earliestChronometricAge	Earliest Chronometric Age	rdf property	ods:ChronometricAge	http://www.w3.org/2004/02/skos/core#exactMatch	earliestDate	rdf property	RadiometricDates		https://orcid.org/0000-0002-5669-2769	https://dissco.eu	2025-10-10
chrono:earliestChronometricAgeReferenceSystem	Earliest Chronometric Age Reference System	rdf property	ods:ChronometricAge	http://www.w3.org/2004/02/skos/core#broadMatch	timeUnit	rdf property	RadiometricDates		https://orcid.org/0000-0002-5669-2769	https://dissco.eu	2025-10-10
chrono:latestChronometricAge	Latest Chronometric Age	rdf property	ods:ChronometricAge	http://www.w3.org/2004/02/skos/core#exactMatch	latestDate	rdf property	RadiometricDates		https://orcid.org/0000-0002-5669-2769	https://dissco.eu	2025-10-10
chrono:latestChronometricAgeReferenceSystem	Latest Chronometric Age Reference System	rdf property	ods:ChronometricAge	http://www.w3.org/2004/02/skos/core#broadMatch	timeUnit	rdf property	RadiometricDates		https://orcid.org/0000-0002-5669-2769	https://dissco.eu	2025-10-10
chrono:materialDated	Material Dated	rdf property	ods:ChronometricAge	http://www.w3.org/2004/02/skos/core#exactMatch	materialDated	rdf property	RadiometricDates		https://orcid.org/0000-0002-5669-2769	https://dissco.eu	2025-10-10
chrono:chronometricAgeDeterminedDate	Chronometric Age Determined Date	rdf property	ods:ChronometricAge	http://www.w3.org/2004/02/skos/core#exactMatch	analysisDateTime/exactDate/dateText	rdf property	RadiometricDates		https://orcid.org/0000-0002-5669-2769	https://dissco.eu	2025-10-10
chrono:chronometricAgeDeterminedDate	Chronometric Age Determined Date	rdf property	ods:ChronometricAge	http://www.w3.org/2004/02/skos/core#exactMatch	analysisDateTime/dateText	rdf property	RadiometricDates		https://orcid.org/0000-0002-5669-2769	https://dissco.eu	2025-10-10
chrono:chronometricAgeReferences	Chronometric Age References	rdf property	ods:ChronometricAge	http://www.w3.org/2004/02/skos/core#exactMatch	analysisReferences/uri	rdf property	RadiometricDates		https://orcid.org/0000-0002-5669-2769	https://dissco.eu	2025-10-10
chrono:chronometricAgeReferences	Chronometric Age References	rdf property	ods:ChronometricAge	http://www.w3.org/2004/02/skos/core#exactMatch	analysisReferences/titleCitation	rdf property	RadiometricDates		https://orcid.org/0000-0002-5669-2769	https://dissco.eu	2025-10-10
chrono:chronometricAgeReferences	Chronometric Age References	rdf property	ods:ChronometricAge	http://www.w3.org/2004/02/skos/core#broadMatch	analysisReferences/citationDetail	rdf property	RadiometricDates		https://orcid.org/0000-0002-5669-2769	https://dissco.eu	2025-10-10
chrono:chronometricAgeRemarks	Chronometric Age Remarks	rdf property	ods:ChronometricAge	http://www.w3.org/2004/02/skos/core#exactMatch	datingComment	rdf property	RadiometricDates		https://orcid.org/0000-0002-5669-2769	https://dissco.eu	2025-10-10
dcterms:identifier	Identifier	rdf property	ods:Identifier	http://www.w3.org/2004/02/skos/core#broadMatch	abcd:id	rdf property			https://orcid.org/0000-0002-5669-2769	https://dissco.eu	2025-10-10
dcterms:identifier	Identifier	rdf property	ods:Identifier	http://www.w3.org/2004/02/skos/core#broadMatch	abcd:unitID	rdf property	Unit		https://orcid.org/0000-0002-5669-2769	https://dissco.eu	2025-10-10
dcterms:identifier	Identifier	rdf property	ods:Identifier	http://www.w3.org/2004/02/skos/core#broadMatch	abcd:unitIDNumeric	rdf property	Unit		https://orcid.org/0000-0002-5669-2769	https://dissco.eu	2025-10-10
dcterms:identifier	Identifier	rdf property	ods:Identifier	http://www.w3.org/2004/02/skos/core#broadMatch	abcd:unitGUID	rdf property	Unit		https://orcid.org/0000-0002-5669-2769	https://dissco.eu	2025-10-10
dcterms:identifier	Identifier	rdf property	ods:Identifier	http://www.w3.org/2004/02/skos/core#broadMatch	abcd:recordURI	rdf property	Unit		https://orcid.org/0000-0002-5669-2769	https://dissco.eu	2025-10-10
dcterms:identifier	Identifier	rdf property	ods:Identifier	http://www.w3.org/2004/02/skos/core#broadMatch	abcd:specimenUnit/accessions/accessionDateAndAccessionCatalogueAndAccessionNumber/0/value	rdf property	AccessionDateAndAccessionCatalogueAndAccessionNumber		https://orcid.org/0000-0002-5669-2769	https://dissco.eu	2025-10-10
dcterms:identifier	Identifier	rdf property	ods:Citation	http://www.w3.org/2004/02/skos/core#narrowMatch	abcd:unitReferences/unitReference/*/uri	rdf property	Reference		https://orcid.org/0000-0002-5669-2769	https://dissco.eu	2025-10-10
dcterms:identifier	Identifier	rdf property	ods:Citation	http://www.w3.org/2004/02/skos/core#narrowMatch	abcd:identifications/identification/*/references/reference/*/uri	rdf property	Reference		https://orcid.org/0000-0002-5669-2769	https://dissco.eu	2025-10-10
dcterms:description	Description	rdf property	ods:Citation	http://www.w3.org/2004/02/skos/core#broadMatch	abcd:unitReferences/unitReference/*/citationDetail	rdf property	Reference		https://orcid.org/0000-0002-5669-2769	https://dissco.eu	2025-10-10
dcterms:description	Description	rdf property	ods:Citation	http://www.w3.org/2004/02/skos/core#broadMatch	abcd:identifications/identification/*/references/reference/*/citationDetail	rdf property	Reference		https://orcid.org/0000-0002-5669-2769	https://dissco.eu	2025-10-10
dcterms:bibliographicCitation	Bibliographic Citation	rdf property	ods:Citation	http://www.w3.org/2004/02/skos/core#exactMatch	abcd:unitReferences/unitReference/*/titleCitation	rdf property	Reference		https://orcid.org/0000-0002-5669-2769	https://dissco.eu	2025-10-10
dcterms:bibliographicCitation	Bibliographic Citation	rdf property	ods:Citation	http://www.w3.org/2004/02/skos/core#exactMatch	abcd:identifications/identification/*/references/reference/*/titleCitation	rdf property	Reference		https://orcid.org/0000-0002-5669-2769	https://dissco.eu	2025-10-10
dwc:measurementType	Measurement Type	rdf property	ods:Assertion	http://www.w3.org/2004/02/skos/core#exactMatch	measurementOrFactAtomised/parameter/value	rdf property	MeasurementOrFact		https://orcid.org/0000-0002-5669-2769	https://dissco.eu	2025-10-10
dwc:measurementDeterminedDate	Measurement Determined Date	rdf property	ods:Assertion	http://www.w3.org/2004/02/skos/core#exactMatch	measurementOrFactAtomised/measurementDateTime	rdf property	MeasurementOrFact		https://orcid.org/0000-0002-5669-2769	https://dissco.eu	2025-10-10
dwc:measurementValue	Measurement Value	rdf property	ods:Assertion	http://www.w3.org/2004/02/skos/core#broadMatch	measurementOrFactAtomised/lowerValue	rdf property	MeasurementOrFact		https://orcid.org/0000-0002-5669-2769	https://dissco.eu	2025-10-10
dwc:measurementValue	Measurement Value	rdf property	ods:Assertion	http://www.w3.org/2004/02/skos/core#broadMatch	measurementOrFactAtomised/upperValue	rdf property	MeasurementOrFact		https://orcid.org/0000-0002-5669-2769	https://dissco.eu	2025-10-10
dwc:measurementAccuracy	Measurement Accuracy	rdf property	ods:Assertion	http://www.w3.org/2004/02/skos/core#exactMatch	measurementOrFactAtomised/accuracy	rdf property	MeasurementOrFact		https://orcid.org/0000-0002-5669-2769	https://dissco.eu	2025-10-10
dwc:measurementUnit	Measurement Unit	rdf property	ods:Assertion	http://www.w3.org/2004/02/skos/core#exactMatch	measurementOrFactAtomised/unitOfMeasurement	rdf property	MeasurementOrFact		https://orcid.org/0000-0002-5669-2769	https://dissco.eu	2025-10-10
dwc:measurementRemarks	Measurement Remarks	rdf property	ods:Assertion	http://www.w3.org/2004/02/skos/core#narrowMatch	measurementOrFactText/value	rdf property	MeasurementOrFact		https://orcid.org/0000-0002-5669-2769	https://dissco.eu	2025-10-10
schema:name	Name	rdf property	ods:Agent	http://www.w3.org/2004/02/skos/core#broadMatch	abcd:identifications/identification/*/identifiers/identifier/0/personName/fullName	rdf property	Identification		https://orcid.org/0000-0002-5669-2769	https://dissco.eu	2025-10-10
schema:name	Name	rdf property	ods:Agent	http://www.w3.org/2004/02/skos/core#broadMatch	abcd:gathering/agents/gatheringAgent/*/person/fullName	rdf property	Gathering		https://orcid.org/0000-0002-5669-2769	https://dissco.eu	2025-10-10
schema:name	Name	rdf property	ods:Agent	http://www.w3.org/2004/02/skos/core#broadMatch	abcd:gathering/agents/gatheringAgent/*/person/agentText	rdf property	Gathering		https://orcid.org/0000-0002-5669-2769	https://dissco.eu	2025-10-10
ac:accessURI	Access URI	rdf property	ods:DigitalMedia	http://www.w3.org/2004/02/skos/core#exactMatch	abcd:fileURI	rdf property	Multimedia		https://orcid.org/0000-0002-5669-2769	https://dissco.eu	2025-10-10
dcterms:format	Format	rdf property	ods:DigitalMedia	http://www.w3.org/2004/02/skos/core#exactMatch	abcd:format	rdf property	Multimedia		https://orcid.org/0000-0002-5669-2769	https://dissco.eu	2025-10-10
dcterms:description	Description	rdf property	ods:DigitalMedia	http://www.w3.org/2004/02/skos/core#narrowMatch	abcd:context/value	rdf property	Multimedia		https://orcid.org/0000-0002-5669-2769	https://dissco.eu	2025-10-10
dcterms:description	Description	rdf property	ods:DigitalMedia	http://www.w3.org/2004/02/skos/core#narrowMatch	abcd:comment/value	rdf property	Multimedia		https://orcid.org/0000-0002-5669-2769	https://dissco.eu	2025-10-10
dcterms:rights	Rights	rdf property	ods:DigitalMedia	http://www.w3.org/2004/02/skos/core#broadMatch	abcd:iprstatements/licenses/license/0/uri	rdf property	Multimedia		https://orcid.org/0000-0002-5669-2769	https://dissco.eu	2025-10-10
dcterms:rights	Rights	rdf property	ods:DigitalMedia	http://www.w3.org/2004/02/skos/core#exactMatch	abcd:iprstatements/licenses/license/0/text	rdf property	Multimedia		https://orcid.org/0000-0002-5669-2769	https://dissco.eu	2025-10-10
dcterms:rights	Rights	rdf property	ods:DigitalMedia	http://www.w3.org/2004/02/skos/core#narrowMatch	abcd:ipr/licenses/license/0/uri	rdf property	DataSet	This is a dataset license	https://orcid.org/0000-0002-5669-2769	https://dissco.eu	2025-10-10
dcterms:rights	Rights	rdf property	ods:DigitalMedia	http://www.w3.org/2004/02/skos/core#narrowMatch	abcd:ipr/licenses/license/0/text	rdf property	DataSet	This is a dataset license	https://orcid.org/0000-0002-5669-2769	https://dissco.eu	2025-10-10
dcterms:source	Source	rdf property	ods:DigitalMedia	http://www.w3.org/2004/02/skos/core#narrowMatch	abcd:productURI	rdf property	Multimedia		https://orcid.org/0000-0002-5669-2769	https://dissco.eu	2025-10-10
xmp:CreateDate	Create Date	rdf property	ods:DigitalMedia	http://www.w3.org/2004/02/skos/core#exactMatch	abcd:createdDate	rdf property	Multimedia		https://orcid.org/0000-0002-5669-2769	https://dissco.eu	2025-10-10
exif:PixelYDimension	Pixel Y Dimension	rdf property	ods:DigitalMedia	http://www.w3.org/2004/02/skos/core#narrowMatch	abcd:imageSize/height	rdf property	Multimedia		https://orcid.org/0000-0002-5669-2769	https://dissco.eu	2025-10-10
exif:PixelXDimension	Pixel X Dimension	rdf property	ods:DigitalMedia	http://www.w3.org/2004/02/skos/core#narrowMatch	abcd:imageSize/width	rdf property	Multimedia		https://orcid.org/0000-0002-5669-2769	https://dissco.eu	2025-10-10
ac:captureDevice	Capture Device	rdf property	ods:DigitalMedia	http://www.w3.org/2004/02/skos/core#exactMatch	abcd:captureEquipment	rdf property	Multimedia		https://orcid.org/0000-0002-5669-2769	https://dissco.eu	2025-10-10
