subject_id	subject_label	subject_type	subject_category	predicate_id	object_id	object_type	object_category	object_label	comment	author_id	mapping_provider	mapping_date
dwc:eventID	Event ID	rdf property	ods:Event	http://www.w3.org/2004/02/skos/core#exactMatch	dwc:eventID	rdf property	dwc:Event	Event ID	Only takes first event (assumed to be collecting event)	https://orcid.org/0000-0002-5669-2769	https://dissco.eu	2025-10-06
dwc:eventType	Event Type	rdf property	ods:Event	http://www.w3.org/2004/02/skos/core#exactMatch	dwc:eventType	rdf property	dwc:Event	Event Type	Only takes first event (assumed to be collecting event)	https://orcid.org/0000-0002-5669-2769	https://dissco.eu	2025-10-06
dwc:datasetID	Dataset ID	rdf property	ods:DigitalSpecimen	http://www.w3.org/2004/02/skos/core#exactMatch	dwc:datasetID	rdf property	dwc:Event	Dataset ID	Only takes first event (assumed to be collecting event)	https://orcid.org/0000-0002-5669-2769	https://dissco.eu	2025-10-06
dwc:datasetName	Dataset Name	rdf property	ods:DigitalSpecimen	http://www.w3.org/2004/02/skos/core#exactMatch	dwc:datasetName	rdf property	dwc:Event	Dataset Name	Only takes first event (assumed to be collecting event)	https://orcid.org/0000-0002-5669-2769	https://dissco.eu	2025-10-06
dwc:fieldNumber	Field Number	rdf property	ods:Event	http://www.w3.org/2004/02/skos/core#exactMatch	dwc:fieldNumber	rdf property	dwc:Event	Field Number	Only takes first event (assumed to be collecting event)	https://orcid.org/0000-0002-5669-2769	https://dissco.eu	2025-10-06
dwc:eventDate	Event Date	rdf property	ods:Event	http://www.w3.org/2004/02/skos/core#exactMatch	dwc:eventDate	rdf property	dwc:Event	Event Date	Only takes first event (assumed to be collecting event)	https://orcid.org/0000-0002-5669-2769	https://dissco.eu	2025-10-06
dwc:eventTime	Event Time	rdf property	ods:Event	http://www.w3.org/2004/02/skos/core#exactMatch	dwc:eventTime	rdf property	dwc:Event	Event Time	Only takes first event (assumed to be collecting event)	https://orcid.org/0000-0002-5669-2769	https://dissco.eu	2025-10-06
dwc:startDayOfYear	Start Day Of Year	rdf property	ods:Event	http://www.w3.org/2004/02/skos/core#exactMatch	dwc:startDayOfYear	rdf property	dwc:Event	Start Day Of Year	Only takes first event (assumed to be collecting event)	https://orcid.org/0000-0002-5669-2769	https://dissco.eu	2025-10-06
dwc:endDayOfYear	End Day Of Year	rdf property	ods:Event	http://www.w3.org/2004/02/skos/core#exactMatch	dwc:endDayOfYear	rdf property	dwc:Event	End Day Of Year	Only takes first event (assumed to be collecting event)	https://orcid.org/0000-0002-5669-2769	https://dissco.eu	2025-10-06
dwc:year	Year	rdf property	ods:Event	http://www.w3.org/2004/02/skos/core#exactMatch	dwc:year	rdf property	dwc:Event	Year	Only takes first event (assumed to be collecting event)	https://orcid.org/0000-0002-5669-2769	https://dissco.eu	2025-10-06
dwc:month	Month	rdf property	ods:Event	http://www.w3.org/2004/02/skos/core#exactMatch	dwc:month	rdf property	dwc:Event	Month	Only takes first event (assumed to be collecting event)	https://orcid.org/0000-0002-5669-2769	https://dissco.eu	2025-10-06
dwc:day	Day	rdf property	ods:Event	http://www.w3.org/2004/02/skos/core#exactMatch	dwc:day	rdf property	dwc:Event	Day	Only takes first event (assumed to be collecting event)	https://orcid.org/0000-0002-5669-2769	https://dissco.eu	2025-10-06
dwc:verbatimEventDate	Verbatim Event Date	rdf property	ods:Event	http://www.w3.org/2004/02/skos/core#exactMatch	dwc:verbatimEventDate	rdf property	dwc:Event	Verbatim Event Date	Only takes first event (assumed to be collecting event)	https://orcid.org/0000-0002-5669-2769	https://dissco.eu	2025-10-06
dwc:georeferenceVerificationStatus	Georeference Verification Status	rdf property	ods:Event	http://www.w3.org/2004/02/skos/core#exactMatch	dwc:georeferenceVerificationStatus	rdf property	dwc:Event	Georeference Verification Status	Only takes first event (assumed to be collecting event)	https://orcid.org/0000-0002-5669-2769	https://dissco.eu	2025-10-06
dwc:habitat	Habitat	rdf property	ods:Event	http://www.w3.org/2004/02/skos/core#exactMatch	dwc:habitat	rdf property	dwc:Event	Habitat	Only takes first event (assumed to be collecting event)	https://orcid.org/0000-0002-5669-2769	https://dissco.eu	2025-10-06
dwc:fieldNotes	Field Notes	rdf property	ods:Event	http://www.w3.org/2004/02/skos/core#exactMatch	dwc:fieldNotes	rdf property	dwc:Event	Field Notes	Only takes first event (assumed to be collecting event)	https://orcid.org/0000-0002-5669-2769	https://dissco.eu	2025-10-06
dwc:eventRemarks	Event Remarks	rdf property	ods:Event	http://www.w3.org/2004/02/skos/core#exactMatch	dwc:eventRemarks	rdf property	dwc:Event	Event Remarks	Only takes first event (assumed to be collecting event)	https://orcid.org/0000-0002-5669-2769	https://dissco.eu	2025-10-06
dwc:verbatimLocality	Verbatim Locality	rdf property	ods:Event	http://www.w3.org/2004/02/skos/core#exactMatch	dwc:verbatimLocality	rdf property	dwc:Event	Verbatim Locality	Only takes first event (assumed to be collecting event)	https://orcid.org/0000-0002-5669-2769	https://dissco.eu	2025-10-06
dwc:verbatimElevation	Verbatim Elevation	rdf property	ods:Event	http://www.w3.org/2004/02/skos/core#exactMatch	dwc:verbatimElevation	rdf property	dwc:Event	Verbatim Elevation	Only takes first event (assumed to be collecting event)	https://orcid.org/0000-0002-5669-2769	https://dissco.eu	2025-10-06
dwc:verbatimDepth	Verbatim Depth	rdf property	ods:Event	http://www.w3.org/2004/02/skos/core#exactMatch	dwc:verbatimDepth	rdf property	dwc:Event	Verbatim Depth	Only takes first event (assumed to be collecting event)	https://orcid.org/0000-0002-5669-2769	https://dissco.eu	2025-10-06
dwc:locationID	Location ID	rdf property	ods:Location	http://www.w3.org/2004/02/skos/core#exactMatch	dwc:locationID	rdf property	dwc:Event	Location ID	Only takes first event (assumed to be collecting event)	https://orcid.org/0000-0002-5669-2769	https://dissco.eu	2025-10-06
dwc:higherGeographyID	Higher Geography ID	rdf property	ods:Location	http://www.w3.org/2004/02/skos/core#exactMatch	dwc:higherGeographyID	rdf property	dwc:Event	Higher Geography ID	Only takes first event (assumed to be collecting event)	https://orcid.org/0000-0002-5669-2769	https://dissco.eu	2025-10-06
dwc:higherGeography	Higher Geography	rdf property	ods:Location	http://www.w3.org/2004/02/skos/core#exactMatch	dwc:higherGeography	rdf property	dwc:Event	Higher Geography	Only takes first event (assumed to be collecting event)	https://orcid.org/0000-0002-5669-2769	https://dissco.eu	2025-10-06
dwc:continent	Continent	rdf property	ods:Location	http://www.w3.org/2004/02/skos/core#exactMatch	dwc:continent	rdf property	dwc:Event	Continent	Only takes first event (assumed to be collecting event)	https://orcid.org/0000-0002-5669-2769	https://dissco.eu	2025-10-06
dwc:waterBody	Water Body	rdf property	ods:Location	http://www.w3.org/2004/02/skos/core#exactMatch	dwc:waterBody	rdf property	dwc:Event	Water Body	Only takes first event (assumed to be collecting event)	https://orcid.org/0000-0002-5669-2769	https://dissco.eu	2025-10-06
dwc:islandGroup	Island Group	rdf property	ods:Location	http://www.w3.org/2004/02/skos/core#exactMatch	dwc:islandGroup	rdf property	dwc:Event	Island Group	Only takes first event (assumed to be collecting event)	https://orcid.org/0000-0002-5669-2769	https://dissco.eu	2025-10-06
dwc:island	Island	rdf property	ods:Location	http://www.w3.org/2004/02/skos/core#exactMatch	dwc:island	rdf property	dwc:Event	Island	Only takes first event (assumed to be collecting event)	https://orcid.org/0000-0002-5669-2769	https://dissco.eu	2025-10-06
dwc:countryCode	Country Code	rdf property	ods:Location	http://www.w3.org/2004/02/skos/core#exactMatch	dwc:countryCode	rdf property	dwc:Event	Country Code	Only takes first event (assumed to be collecting event)	https://orcid.org/0000-0002-5669-2769	https://dissco.eu	2025-10-06
dwc:country	Country	rdf property	ods:Location	http://www.w3.org/2004/02/skos/core#exactMatch	dwc:country	rdf property	dwc:Event	Country	Only takes first event (assumed to be collecting event)	https://orcid.org/0000-0002-5669-2769	https://dissco.eu	2025-10-06
dwc:stateProvince	State Province	rdf property	ods:Location	http://www.w3.org/2004/02/skos/core#exactMatch	dwc:stateProvince	rdf property	dwc:Event	State Province	Only takes first event (assumed to be collecting event)	https://orcid.org/0000-0002-5669-2769	https://dissco.eu	2025-10-06
dwc:county	County	rdf property	ods:Location	http://www.w3.org/2004/02/skos/core#exactMatch	dwc:county	rdf property	dwc:Event	County	Only takes first event (assumed to be collecting event)	https://orcid.org/0000-0002-5669-2769	https://dissco.eu	2025-10-06
dwc:municipality	Municipality	rdf property	ods:Location	http://www.w3.org/2004/02/skos/core#exactMatch	dwc:municipality	rdf property	dwc:Event	Municipality	Only takes first event (assumed to be collecting event)	https://orcid.org/0000-0002-5669-2769	https://dissco.eu	2025-10-06
dwc:locality	Locality	rdf property	ods:Location	http://www.w3.org/2004/02/skos/core#exactMatch	dwc:locality	rdf property	dwc:Event	Locality	Only takes first event (assumed to be collecting event)	https://orcid.org/0000-0002-5669-2769	https://dissco.eu	2025-10-06
dwc:minimumElevationInMeters	Minimum Elevation In Meters	rdf property	ods:Location	http://www.w3.org/2004/02/skos/core#exactMatch	dwc:minimumElevationInMeters	rdf property	dwc:Event	Minimum Elevation In Meters	Only takes first event (assumed to be collecting event)	https://orcid.org/0000-0002-5669-2769	https://dissco.eu	2025-10-06
dwc:maximumElevationInMeters	Maximum Elevation In Meters	rdf property	ods:Location	http://www.w3.org/2004/02/skos/core#exactMatch	dwc:maximumElevationInMeters	rdf property	dwc:Event	Maximum Elevation In Meters	Only takes first event (assumed to be collecting event)	https://orcid.org/0000-0002-5669-2769	https://dissco.eu	2025-10-06
dwc:verticalDatum	Vertical Datum	rdf property	ods:Location	http://www.w3.org/2004/02/skos/core#exactMatch	dwc:verticalDatum	rdf property	dwc:Event	Vertical Datum	Only takes first event (assumed to be collecting event)	https://orcid.org/0000-0002-5669-2769	https://dissco.eu	2025-10-06
dwc:minimumDepthInMeters	Minimum Depth In Meters	rdf property	ods:Location	http://www.w3.org/2004/02/skos/core#exactMatch	dwc:minimumDepthInMeters	rdf property	dwc:Event	Minimum Depth In Meters	Only takes first event (assumed to be collecting event)	https://orcid.org/0000-0002-5669-2769	https://dissco.eu	2025-10-06
dwc:maximumDepthInMeters	Maximum Depth In Meters	rdf property	ods:Location	http://www.w3.org/2004/02/skos/core#exactMatch	dwc:maximumDepthInMeters	rdf property	dwc:Event	Maximum Depth In Meters	Only takes first event (assumed to be collecting event)	https://orcid.org/0000-0002-5669-2769	https://dissco.eu	2025-10-06
dwc:minimumDistanceAboveSurfaceInMeters	Minimum Distance Above Surface In Meters	rdf property	ods:Location	http://www.w3.org/2004/02/skos/core#exactMatch	dwc:minimumDistanceAboveSurfaceInMeters	rdf property	dwc:Event	Minimum Distance Above Surface In Meters	Only takes first event (assumed to be collecting event)	https://orcid.org/0000-0002-5669-2769	https://dissco.eu	2025-10-06
dwc:maximumDistanceAboveSurfaceInMeters	Maximum Distance Above Surface In Meters	rdf property	ods:Location	http://www.w3.org/2004/02/skos/core#exactMatch	dwc:maximumDistanceAboveSurfaceInMeters	rdf property	dwc:Event	Maximum Distance Above Surface In Meters	Only takes first event (assumed to be collecting event)	https://orcid.org/0000-0002-5669-2769	https://dissco.eu	2025-10-06
dwc:locationRemarks	Location Remarks	rdf property	ods:Location	http://www.w3.org/2004/02/skos/core#exactMatch	dwc:locationRemarks	rdf property	dwc:Event	Location Remarks	Only takes first event (assumed to be collecting event)	https://orcid.org/0000-0002-5669-2769	https://dissco.eu	2025-10-06
dwc:decimalLatitude	Decimal Latitude	rdf property	ods:Georeference	http://www.w3.org/2004/02/skos/core#exactMatch	dwc:decimalLatitude	rdf property	dwc:Event	Decimal Latitude	Only takes first event (assumed to be collecting event)	https://orcid.org/0000-0002-5669-2769	https://dissco.eu	2025-10-06
dwc:decimalLongitude	Decimal Longitude	rdf property	ods:Georeference	http://www.w3.org/2004/02/skos/core#exactMatch	dwc:decimalLongitude	rdf property	dwc:Event	Decimal Longitude	Only takes first event (assumed to be collecting event)	https://orcid.org/0000-0002-5669-2769	https://dissco.eu	2025-10-06
dwc:geodeticDatum	Geodetic Datum	rdf property	ods:Georeference	http://www.w3.org/2004/02/skos/core#exactMatch	dwc:geodeticDatum	rdf property	dwc:Event	Geodetic Datum	Only takes first event (assumed to be collecting event)	https://orcid.org/0000-0002-5669-2769	https://dissco.eu	2025-10-06
dwc:coordinateUncertaintyInMeters	Coordinate Uncertainty In Meters	rdf property	ods:Georeference	http://www.w3.org/2004/02/skos/core#exactMatch	dwc:coordinateUncertaintyInMeters	rdf property	dwc:Event	Coordinate Uncertainty In Meters	Only takes first event (assumed to be collecting event)	https://orcid.org/0000-0002-5669-2769	https://dissco.eu	2025-10-06
dwc:coordinatePrecision	Coordinate Precision	rdf property	ods:Georeference	http://www.w3.org/2004/02/skos/core#exactMatch	dwc:coordinatePrecision	rdf property	dwc:Event	Coordinate Precision	Only takes first event (assumed to be collecting event)	https://orcid.org/0000-0002-5669-2769	https://dissco.eu	2025-10-06
dwc:pointRadiusSpatialFit	Point Radius Spatial Fit	rdf property	ods:Georeference	http://www.w3.org/2004/02/skos/core#exactMatch	dwc:pointRadiusSpatialFit	rdf property	dwc:Event	Point Radius Spatial Fit	Only takes first event (assumed to be collecting event)	https://orcid.org/0000-0002-5669-2769	https://dissco.eu	2025-10-06
dwc:footprintWKT	Footprint WKT	rdf property	ods:Georeference	http://www.w3.org/2004/02/skos/core#exactMatch	dwc:footprintWKT	rdf property	dwc:Event	Footprint WKT	Only takes first event (assumed to be collecting event)	https://orcid.org/0000-0002-5669-2769	https://dissco.eu	2025-10-06
dwc:footprintSRS	Footprint SRS	rdf property	ods:Georeference	http://www.w3.org/2004/02/skos/core#exactMatch	dwc:footprintSRS	rdf property	dwc:Event	Footprint SRS	Only takes first event (assumed to be collecting event)	https://orcid.org/0000-0002-5669-2769	https://dissco.eu	2025-10-06
dwc:footprintSpatialFit	Footprint Spatial Fit	rdf property	ods:Georeference	http://www.w3.org/2004/02/skos/core#exactMatch	dwc:footprintSpatialFit	rdf property	dwc:Event	Footprint Spatial Fit	Only takes first event (assumed to be collecting event). Convert Integer to Double param	https://orcid.org/0000-0002-5669-2769	https://dissco.eu	2025-10-06
dwc:georeferenceRemarks	Georeference Remarks	rdf property	ods:Georeference	http://www.w3.org/2004/02/skos/core#exactMatch	dwc:georeferenceRemarks	rdf property	dwc:Event	Georeference Remarks	Only takes first event (assumed to be collecting event)	https://orcid.org/0000-0002-5669-2769	https://dissco.eu	2025-10-06
dwc:georeferenceSources	Georeference Sources	rdf property	ods:Georeference	http://www.w3.org/2004/02/skos/core#exactMatch	dwc:georeferenceSources	rdf property	dwc:Event	Georeference Sources	Only takes first event (assumed to be collecting event)	https://orcid.org/0000-0002-5669-2769	https://dissco.eu	2025-10-06
dwc:georeferenceProtocol	Georeference Protocol	rdf property	ods:Georeference	http://www.w3.org/2004/02/skos/core#exactMatch	dwc:georeferenceProtocol	rdf property	dwc:Event	Georeference Protocol	Only takes first event (assumed to be collecting event)	https://orcid.org/0000-0002-5669-2769	https://dissco.eu	2025-10-06
dwc:occurrenceID	Occurrence ID	rdf property	ods:Event	http://www.w3.org/2004/02/skos/core#exactMatch	dwc:occurrenceID	rdf property	dwc:Occurrence	Occurrence ID	Only takes first event (assumed to be collecting event)	https://orcid.org/0000-0002-5669-2769	https://dissco.eu	2025-10-06
dwc:eventID	Event ID	rdf property	ods:Event	http://www.w3.org/2004/02/skos/core#exactMatch	dwc:eventID	rdf property	dwc:Occurrence	Event ID	Only takes first event (assumed to be collecting event)	https://orcid.org/0000-0002-5669-2769	https://dissco.eu	2025-10-06
dwc:organismQuantity	Organism Quantity	rdf property	ods:Event	http://www.w3.org/2004/02/skos/core#exactMatch	dwc:organismQuantity	rdf property	dwc:Occurrence	Organism Quantity	Only takes first event (assumed to be collecting event)	https://orcid.org/0000-0002-5669-2769	https://dissco.eu	2025-10-06
dwc:organismQuantityType	Organism Quantity Type	rdf property	ods:Event	http://www.w3.org/2004/02/skos/core#exactMatch	dwc:organismQuantityType	rdf property	dwc:Occurrence	Organism Quantity Type	Only takes first event (assumed to be collecting event)	https://orcid.org/0000-0002-5669-2769	https://dissco.eu	2025-10-06
dwc:sex	Sex	rdf property	ods:Event	http://www.w3.org/2004/02/skos/core#exactMatch	dwc:sex	rdf property	dwc:Occurrence	Sex	Only takes first event (assumed to be collecting event)	https://orcid.org/0000-0002-5669-2769	https://dissco.eu	2025-10-06
dwc:lifeStage	Life Stage	rdf property	ods:Event	http://www.w3.org/2004/02/skos/core#exactMatch	dwc:lifeStage	rdf property	dwc:Occurrence	Life Stage	Only takes first event (assumed to be collecting event)	https://orcid.org/0000-0002-5669-2769	https://dissco.eu	2025-10-06
dwc:reproductiveCondition	Reproductive Condition	rdf property	ods:Event	http://www.w3.org/2004/02/skos/core#exactMatch	dwc:reproductiveCondition	rdf property	dwc:Occurrence	Reproductive Condition	Only takes first event (assumed to be collecting event)	https://orcid.org/0000-0002-5669-2769	https://dissco.eu	2025-10-06
dwc:behavior	Behavior	rdf property	ods:Event	http://www.w3.org/2004/02/skos/core#exactMatch	dwc:behavior	rdf property	dwc:Occurrence	Behavior	Only takes first event (assumed to be collecting event)	https://orcid.org/0000-0002-5669-2769	https://dissco.eu	2025-10-06
dwc:vitality	Vitality	rdf property	ods:Event	http://www.w3.org/2004/02/skos/core#exactMatch	dwc:vitality	rdf property	dwc:Occurrence	Vitality	Only takes first event (assumed to be collecting event)	https://orcid.org/0000-0002-5669-2769	https://dissco.eu	2025-10-06
dwc:establishmentMeans	Establishment Means	rdf property	ods:Event	http://www.w3.org/2004/02/skos/core#exactMatch	dwc:establishmentMeans	rdf property	dwc:Occurrence	Establishment Means	Only takes first event (assumed to be collecting event)	https://orcid.org/0000-0002-5669-2769	https://dissco.eu	2025-10-06
dwc:degreeOfEstablishment	Degree Of Establishment	rdf property	ods:Event	http://www.w3.org/2004/02/skos/core#exactMatch	dwc:degreeOfEstablishment	rdf property	dwc:Occurrence	Degree Of Establishment	Only takes first event (assumed to be collecting event)	https://orcid.org/0000-0002-5669-2769	https://dissco.eu	2025-10-06
dwc:pathway	Pathway	rdf property	ods:Event	http://www.w3.org/2004/02/skos/core#exactMatch	dwc:pathway	rdf property	dwc:Occurrence	Pathway	Only takes first event (assumed to be collecting event)	https://orcid.org/0000-0002-5669-2769	https://dissco.eu	2025-10-06
dwc:organismID	Organism ID	rdf property	ods:Event	http://www.w3.org/2004/02/skos/core#exactMatch	dwc:organismID	rdf property	dwc:Occurrence	Organism ID	Only takes first event (assumed to be collecting event)	https://orcid.org/0000-0002-5669-2769	https://dissco.eu	2025-10-06
dwc:organismName	Organism Name	rdf property	ods:Event	http://www.w3.org/2004/02/skos/core#exactMatch	dwc:organismName	rdf property	dwc:Occurrence	Organism Name	Only takes first event (assumed to be collecting event)	https://orcid.org/0000-0002-5669-2769	https://dissco.eu	2025-10-06
dwc:organismRemarks	Organism Remarks	rdf property	ods:Event	http://www.w3.org/2004/02/skos/core#exactMatch	dwc:organismRemarks	rdf property	dwc:Occurrence	Organism Remarks	Only takes first event (assumed to be collecting event)	https://orcid.org/0000-0002-5669-2769	https://dissco.eu	2025-10-06
dwc:organismScope	Organism Scope	rdf property	ods:Event	http://www.w3.org/2004/02/skos/core#exactMatch	dwc:organismScope	rdf property	dwc:Occurrence	Organism Scope	Only takes first event (assumed to be collecting event)	https://orcid.org/0000-0002-5669-2769	https://dissco.eu	2025-10-06
ods:physicalSpecimenID	Physical Specimen ID	rdf property	ods:DigitalSpecimen	http://www.w3.org/2004/02/skos/core#exactMatch	dwc:materialEntityID	rdf property	dwc:Material	Material Entity ID	This openDS field is filled with the identifier which uniquely described the specimen.	https://orcid.org/0000-0002-5669-2769	https://dissco.eu	2025-10-06
dcterms:identifier	Identifier	rdf property	ods:DigitalSpecimen	http://www.w3.org/2004/02/skos/core#exactMatch	dwc:digitalSpecimenID	rdf property	dwc:Material	Digital Specimen ID		https://orcid.org/0000-0002-5669-2769	https://dissco.eu	2025-10-06
ods:topicDiscipline	Topic Discipline	rdf property	ods:DigitalSpecimen	http://www.w3.org/2004/02/skos/core#exactMatch	dwc:discipline	rdf property	dwc:Material	Discipline		https://orcid.org/0000-0002-5669-2769	https://dissco.eu	2025-10-06
ods:organisationID	Organisation ID	rdf property	ods:DigitalSpecimen	http://www.w3.org/2004/02/skos/core#exactMatch	dwc:institutionID	rdf property	dwc:Material	Institution ID		https://orcid.org/0000-0002-5669-2769	https://dissco.eu	2025-10-06
ods:organisationCode	Organisation Code	rdf property	ods:DigitalSpecimen	http://www.w3.org/2004/02/skos/core#exactMatch	dwc:institutionCode	rdf property	dwc:Material	Institution Code		https://orcid.org/0000-0002-5669-2769	https://dissco.eu	2025-10-06
ods:ownerOrganisationCode	Owener Organisation Code	rdf property	ods:DigitalSpecimen	http://www.w3.org/2004/02/skos/core#exactMatch	dwc:ownerInstitutionCode	rdf property	dwc:Material	Owner Institution Code		https://orcid.org/0000-0002-5669-2769	https://dissco.eu	2025-10-06
dwc:collectionCode	Collection Code	rdf property	ods:DigitalSpecimen	http://www.w3.org/2004/02/skos/core#exactMatch	dwc:collectionCode	rdf property	dwc:Material	Collection Code		https://orcid.org/0000-0002-5669-2769	https://dissco.eu	2025-10-06
dwc:collectionID	Collection ID	rdf property	ods:DigitalSpecimen	http://www.w3.org/2004/02/skos/core#exactMatch	dwc:collectionID	rdf property	dwc:Material	Collection ID		https://orcid.org/0000-0002-5669-2769	https://dissco.eu	2025-10-06
dwc:preparations	Prepartions	rdf property	ods:DigitalSpecimen	http://www.w3.org/2004/02/skos/core#exactMatch	dwc:preparations	rdf property	dwc:Material	Preparations		https://orcid.org/0000-0002-5669-2769	https://dissco.eu	2025-10-06
dwc:disposition	Disposition	rdf property	ods:DigitalSpecimen	http://www.w3.org/2004/02/skos/core#exactMatch	dwc:disposition	rdf property	dwc:Material	Disposition		https://orcid.org/0000-0002-5669-2769	https://dissco.eu	2025-10-06
dcterms:identifier	Identifier	rdf property	ods:Identifier	http://www.w3.org/2004/02/skos/core#narrowMatch	dwc:catalogNumber	rdf property	dwc:Material	Catalog Number	"Checks for identifier type ""dwc:catalogNumber"" or ""abcd:unitID"""	https://orcid.org/0000-0002-5669-2769	https://dissco.eu	2025-10-06
dcterms:identifier	Identifier	rdf property	ods:Identifier	http://www.w3.org/2004/02/skos/core#narrowMatch	dwc:collectorNumber	rdf property	dwc:Material	Collector Number	"Checks for identifier type ""dwc:recordNumber"" or ""abcd:recordURI"""	https://orcid.org/0000-0002-5669-2769	https://dissco.eu	2025-10-06
dwc:verbatimLabel	Verbatim Label	rdf property	ods:DigitalSpecimen	http://www.w3.org/2004/02/skos/core#exactMatch	dwc:verbatimLabel	rdf property	dwc:Material	Verbatim Label		https://orcid.org/0000-0002-5669-2769	https://dissco.eu	2025-10-06
dwc:informationWithheld	Information Withheld	rdf property	ods:DigitalSpecimen	http://www.w3.org/2004/02/skos/core#exactMatch	dwc:informationWithheld	rdf property	dwc:Material	Information Withheld		https://orcid.org/0000-0002-5669-2769	https://dissco.eu	2025-10-06
dwc:dataGeneralizations	Data Generalizations	rdf property	ods:DigitalSpecimen	http://www.w3.org/2004/02/skos/core#exactMatch	dwc:dataGeneralizations	rdf property	dwc:Material	Data Generalizations		https://orcid.org/0000-0002-5669-2769	https://dissco.eu	2025-10-06
dcterms:identifier	Identifier	rdf property	ods:DigitalSpecimen	http://www.w3.org/2004/02/skos/core#exactMatch	dwc:feedbackURL	rdf property	dwc:Material	Feedback URL	Set to the DOI so it will resolve to DiSSCover where the community can leave feedback with the specimen	https://orcid.org/0000-0002-5669-2769	https://dissco.eu	2025-10-06
dwc:identificationID	Identification ID	rdf property	ods:Identification	http://www.w3.org/2004/02/skos/core#exactMatch	dwc:identificationID	rdf property	dwc:Identification	Identification ID		https://orcid.org/0000-0002-5669-2769	https://dissco.eu	2025-10-06
dwc:verbatimIdentification	Verbatim Identification	rdf property	ods:Identification	http://www.w3.org/2004/02/skos/core#exactMatch	dwc:verbatimIdentification	rdf property	dwc:Identification	Verbatim Identification		https://orcid.org/0000-0002-5669-2769	https://dissco.eu	2025-10-06
dwc:isAcceptedIdentification	Is Accepted Identification	rdf property	ods:Identification	http://www.w3.org/2004/02/skos/core#exactMatch	dwc:isAcceptedIdentification	rdf property	dwc:Identification	Is Accepted Identification		https://orcid.org/0000-0002-5669-2769	https://dissco.eu	2025-10-06
dwc:typeStatus	Type Status	rdf property	ods:Identification	http://www.w3.org/2004/02/skos/core#exactMatch	dwc:typeStatus	rdf property	dwc:Identification	Type Status		https://orcid.org/0000-0002-5669-2769	https://dissco.eu	2025-10-06
dwc:dateIdentified	Date Identified	rdf property	ods:Identification	http://www.w3.org/2004/02/skos/core#exactMatch	dwc:dateIdentified	rdf property	dwc:Identification	Date Identified		https://orcid.org/0000-0002-5669-2769	https://dissco.eu	2025-10-06
dwc:identificationRemarks	Identification Remarks	rdf property	ods:Identification	http://www.w3.org/2004/02/skos/core#exactMatch	dwc:identificationRemarks	rdf property	dwc:Identification	Identification Remarks		https://orcid.org/0000-0002-5669-2769	https://dissco.eu	2025-10-06
dwc:taxonID	Taxon ID	rdf property	ods:TaxonIdentification	http://www.w3.org/2004/02/skos/core#exactMatch	dwc:taxonID	rdf property	dwc:IdentificationTaxon	Taxon ID		https://orcid.org/0000-0002-5669-2769	https://dissco.eu	2025-10-06
dwc:scientificName	Scientific Name	rdf property	ods:TaxonIdentification	http://www.w3.org/2004/02/skos/core#exactMatch	dwc:scientificName	rdf property	dwc:IdentificationTaxon	Scientific Name		https://orcid.org/0000-0002-5669-2769	https://dissco.eu	2025-10-06
dwc:scientificNameAuthorship	Scientific Name Authorship	rdf property	ods:TaxonIdentification	http://www.w3.org/2004/02/skos/core#exactMatch	dwc:scientificNameAuthorship	rdf property	dwc:IdentificationTaxon	Scientific Name Authorship		https://orcid.org/0000-0002-5669-2769	https://dissco.eu	2025-10-06
dwc:vernacularName	Vernacular Name	rdf property	ods:TaxonIdentification	http://www.w3.org/2004/02/skos/core#exactMatch	dwc:vernacularName	rdf property	dwc:IdentificationTaxon	Vernacular Name		https://orcid.org/0000-0002-5669-2769	https://dissco.eu	2025-10-06
dwc:taxonRank	Taxon Rank	rdf property	ods:TaxonIdentification	http://www.w3.org/2004/02/skos/core#exactMatch	dwc:taxonRank	rdf property	dwc:IdentificationTaxon	Taxon Rank		https://orcid.org/0000-0002-5669-2769	https://dissco.eu	2025-10-06
dwc:kingdom	Kingdom	rdf property	ods:TaxonIdentification	http://www.w3.org/2004/02/skos/core#exactMatch	dwc:kingdom	rdf property	dwc:IdentificationTaxon	Kingdom		https://orcid.org/0000-0002-5669-2769	https://dissco.eu	2025-10-06
dwc:phylum	Phylum	rdf property	ods:TaxonIdentification	http://www.w3.org/2004/02/skos/core#exactMatch	dwc:phylum	rdf property	dwc:IdentificationTaxon	Phylum		https://orcid.org/0000-0002-5669-2769	https://dissco.eu	2025-10-06
dwc:class	Class	rdf property	ods:TaxonIdentification	http://www.w3.org/2004/02/skos/core#exactMatch	dwc:clazz	rdf property	dwc:IdentificationTaxon	Class		https://orcid.org/0000-0002-5669-2769	https://dissco.eu	2025-10-06
dwc:order	Order	rdf property	ods:TaxonIdentification	http://www.w3.org/2004/02/skos/core#exactMatch	dwc:order	rdf property	dwc:IdentificationTaxon	Order		https://orcid.org/0000-0002-5669-2769	https://dissco.eu	2025-10-06
dwc:family	Family	rdf property	ods:TaxonIdentification	http://www.w3.org/2004/02/skos/core#exactMatch	dwc:family	rdf property	dwc:IdentificationTaxon	Family		https://orcid.org/0000-0002-5669-2769	https://dissco.eu	2025-10-06
dwc:subfamily	Subfamily	rdf property	ods:TaxonIdentification	http://www.w3.org/2004/02/skos/core#exactMatch	dwc:subfamily	rdf property	dwc:IdentificationTaxon	Subfamily		https://orcid.org/0000-0002-5669-2769	https://dissco.eu	2025-10-06
dwc:genus	Genus	rdf property	ods:TaxonIdentification	http://www.w3.org/2004/02/skos/core#exactMatch	dwc:genus	rdf property	dwc:IdentificationTaxon	Genus		https://orcid.org/0000-0002-5669-2769	https://dissco.eu	2025-10-06
dwc:genericName	Generic Name	rdf property	ods:TaxonIdentification	http://www.w3.org/2004/02/skos/core#exactMatch	dwc:genericName	rdf property	dwc:IdentificationTaxon	Generic Name		https://orcid.org/0000-0002-5669-2769	https://dissco.eu	2025-10-06
dwc:subgenus	Subgenus	rdf property	ods:TaxonIdentification	http://www.w3.org/2004/02/skos/core#exactMatch	dwc:subgenus	rdf property	dwc:IdentificationTaxon	Subgenus		https://orcid.org/0000-0002-5669-2769	https://dissco.eu	2025-10-06
dwc:infragenericEpithet	Infrageneric Epithet	rdf property	ods:TaxonIdentification	http://www.w3.org/2004/02/skos/core#exactMatch	dwc:infragenericEpithet	rdf property	dwc:IdentificationTaxon	Infrageneric Epithet		https://orcid.org/0000-0002-5669-2769	https://dissco.eu	2025-10-06
dwc:specificEpithet	Specific Epithet	rdf property	ods:TaxonIdentification	http://www.w3.org/2004/02/skos/core#exactMatch	dwc:specificEpithet	rdf property	dwc:IdentificationTaxon	Specific Epithet		https://orcid.org/0000-0002-5669-2769	https://dissco.eu	2025-10-06
dwc:infraspecificEpithet	Infraspecific Epithet	rdf property	ods:TaxonIdentification	http://www.w3.org/2004/02/skos/core#exactMatch	dwc:infraspecificEpithet	rdf property	dwc:IdentificationTaxon	Infraspecific Epithet		https://orcid.org/0000-0002-5669-2769	https://dissco.eu	2025-10-06
dwc:cultivarEpithet	Cultivar Epithet	rdf property	ods:TaxonIdentification	http://www.w3.org/2004/02/skos/core#exactMatch	dwc:cultivarEpithet	rdf property	dwc:IdentificationTaxon	Cultivar Epithet		https://orcid.org/0000-0002-5669-2769	https://dissco.eu	2025-10-06
dwc:nomenclaturalCode	Nomenclatural Code	rdf property	ods:TaxonIdentification	http://www.w3.org/2004/02/skos/core#exactMatch	dwc:nomenclaturalCode	rdf property	dwc:IdentificationTaxon	Nomenclatural Code		https://orcid.org/0000-0002-5669-2769	https://dissco.eu	2025-10-06
dwc:nomenclaturalStatus	Nomenclatural Status	rdf property	ods:TaxonIdentification	http://www.w3.org/2004/02/skos/core#exactMatch	dwc:nomenclaturalStatus	rdf property	dwc:IdentificationTaxon	Nomenclatural Status		https://orcid.org/0000-0002-5669-2769	https://dissco.eu	2025-10-06
dwc:namePublishedInYear	Name Published In Year	rdf property	ods:TaxonIdentification	http://www.w3.org/2004/02/skos/core#exactMatch	dwc:namePublishedInYear	rdf property	dwc:IdentificationTaxon	Name Published In Year		https://orcid.org/0000-0002-5669-2769	https://dissco.eu	2025-10-06
dcterms:license	License	rdf property	ods:DigitalSpecimen	http://www.w3.org/2004/02/skos/core#exactMatch	dcterms:license	rdf property	dwc:UsagePolicy	License		https://orcid.org/0000-0002-5669-2769	https://dissco.eu	2025-10-06
dcterms:accessRights	Access Rights	rdf property	ods:DigitalSpecimen	http://www.w3.org/2004/02/skos/core#exactMatch	dcterms:accessRights	rdf property	dwc:UsagePolicy	Access Rights		https://orcid.org/0000-0002-5669-2769	https://dissco.eu	2025-10-06
dcterms:rightsHolder	Rights Holder	rdf property	ods:DigitalSpecimen	http://www.w3.org/2004/02/skos/core#exactMatch	dcterms:rightsHolder	rdf property	dwc:UsagePolicy	Rights Holder		https://orcid.org/0000-0002-5669-2769	https://dissco.eu	2025-10-06
dwc:geologicalContextID	Geological Context ID	rdf property	ods:GeologicalContext	http://www.w3.org/2004/02/skos/core#exactMatch	dwc:geologicalContextID	rdf property	dwc:GeologicalContext	Geological Context ID		https://orcid.org/0000-0002-5669-2769	https://dissco.eu	2025-10-06
dwc:earliestEonOrLowestEonothem	Earliest Eon Or Lowest Eonothem	rdf property	ods:GeologicalContext	http://www.w3.org/2004/02/skos/core#exactMatch	dwc:earliestEonOrLowestEonothem	rdf property	dwc:GeologicalContext	Earliest Eon Or Lowest Eonothem		https://orcid.org/0000-0002-5669-2769	https://dissco.eu	2025-10-06
dwc:latestEonOrHighestEonothem	Latest Eon Or Highest Eonothem	rdf property	ods:GeologicalContext	http://www.w3.org/2004/02/skos/core#exactMatch	dwc:latestEonOrHighestEonothem	rdf property	dwc:GeologicalContext	Latest Eon Or Highest Eonothem		https://orcid.org/0000-0002-5669-2769	https://dissco.eu	2025-10-06
dwc:earliestEraOrLowestErathem	Earliest Era Or Lowest Erathem	rdf property	ods:GeologicalContext	http://www.w3.org/2004/02/skos/core#exactMatch	dwc:earliestEraOrLowestErathem	rdf property	dwc:GeologicalContext	Earliest Era Or Lowest Erathem		https://orcid.org/0000-0002-5669-2769	https://dissco.eu	2025-10-06
dwc:latestEraOrHighestErathem	Latest Era Or Highest Erathem	rdf property	ods:GeologicalContext	http://www.w3.org/2004/02/skos/core#exactMatch	dwc:latestEraOrHighestErathem	rdf property	dwc:GeologicalContext	Latest Era Or Highest Erathem		https://orcid.org/0000-0002-5669-2769	https://dissco.eu	2025-10-06
dwc:earliestPeriodOrLowestSystem	Earliest Period Or Lowest System	rdf property	ods:GeologicalContext	http://www.w3.org/2004/02/skos/core#exactMatch	dwc:earliestPeriodOrLowestSystem	rdf property	dwc:GeologicalContext	Earliest Period Or Lowest System		https://orcid.org/0000-0002-5669-2769	https://dissco.eu	2025-10-06
dwc:latestPeriodOrHighestSystem	Latest Period Or Highest System	rdf property	ods:GeologicalContext	http://www.w3.org/2004/02/skos/core#exactMatch	dwc:latestPeriodOrHighestSystem	rdf property	dwc:GeologicalContext	Latest Period Or Highest System		https://orcid.org/0000-0002-5669-2769	https://dissco.eu	2025-10-06
dwc:earliestEpochOrLowestSeries	Earliest Epoch Or Lowest Series	rdf property	ods:GeologicalContext	http://www.w3.org/2004/02/skos/core#exactMatch	dwc:earliestEpochOrLowestSeries	rdf property	dwc:GeologicalContext	Earliest Epoch Or Lowest Series		https://orcid.org/0000-0002-5669-2769	https://dissco.eu	2025-10-06
dwc:latestEpochOrHighestSeries	Latest Epoch Or Highest Series	rdf property	ods:GeologicalContext	http://www.w3.org/2004/02/skos/core#exactMatch	dwc:latestEpochOrHighestSeries	rdf property	dwc:GeologicalContext	Latest Epoch Or Highest Series		https://orcid.org/0000-0002-5669-2769	https://dissco.eu	2025-10-06
dwc:earliestAgeOrLowestStage	Earliest Age Or Lowest Stage	rdf property	ods:GeologicalContext	http://www.w3.org/2004/02/skos/core#exactMatch	dwc:earliestAgeOrLowestStage	rdf property	dwc:GeologicalContext	Earliest Age Or Lowest Stage		https://orcid.org/0000-0002-5669-2769	https://dissco.eu	2025-10-06
dwc:latestAgeOrHighestStage	Latest Age Or Highest Stage	rdf property	ods:GeologicalContext	http://www.w3.org/2004/02/skos/core#exactMatch	dwc:latestAgeOrHighestStage	rdf property	dwc:GeologicalContext	Latest Age Or Highest Stage		https://orcid.org/0000-0002-5669-2769	https://dissco.eu	2025-10-06
dwc:lowestBiostratigraphicZone	Lowest Biostratigraphic Zone	rdf property	ods:GeologicalContext	http://www.w3.org/2004/02/skos/core#exactMatch	dwc:lowestBiostratigraphicZone	rdf property	dwc:GeologicalContext	Lowest Biostratigraphic Zone		https://orcid.org/0000-0002-5669-2769	https://dissco.eu	2025-10-06
dwc:highestBiostratigraphicZone	Highest Biostratigraphic Zone	rdf property	ods:GeologicalContext	http://www.w3.org/2004/02/skos/core#exactMatch	dwc:highestBiostratigraphicZone	rdf property	dwc:GeologicalContext	Highest Biostratigraphic Zone		https://orcid.org/0000-0002-5669-2769	https://dissco.eu	2025-10-06
dwc:lithostratigraphicTerms	Lithostratigraphic Terms	rdf property	ods:GeologicalContext	http://www.w3.org/2004/02/skos/core#exactMatch	dwc:lithostratigraphicTerms	rdf property	dwc:GeologicalContext	Lithostratigraphic Terms		https://orcid.org/0000-0002-5669-2769	https://dissco.eu	2025-10-06
dwc:group	Group	rdf property	ods:GeologicalContext	http://www.w3.org/2004/02/skos/core#exactMatch	dwc:group	rdf property	dwc:GeologicalContext	Group		https://orcid.org/0000-0002-5669-2769	https://dissco.eu	2025-10-06
dwc:formation	Formation	rdf property	ods:GeologicalContext	http://www.w3.org/2004/02/skos/core#exactMatch	dwc:formation	rdf property	dwc:GeologicalContext	Formation		https://orcid.org/0000-0002-5669-2769	https://dissco.eu	2025-10-06
dwc:member	Member	rdf property	ods:GeologicalContext	http://www.w3.org/2004/02/skos/core#exactMatch	dwc:member	rdf property	dwc:GeologicalContext	Member		https://orcid.org/0000-0002-5669-2769	https://dissco.eu	2025-10-06
dwc:bed	Bed	rdf property	ods:GeologicalContext	http://www.w3.org/2004/02/skos/core#exactMatch	dwc:bed	rdf property	dwc:GeologicalContext	Bed		https://orcid.org/0000-0002-5669-2769	https://dissco.eu	2025-10-06
dwc:assertionID	Assertion ID	rdf property	ods:Assertion	http://www.w3.org/2004/02/skos/core#exactMatch	dwc:assertionID	rdf property	dwc:Assertion	Assertion ID		https://orcid.org/0000-0002-5669-2769	https://dissco.eu	2025-10-06
dwc:measurementType	Measurement Type	rdf property	ods:Assertion	http://www.w3.org/2004/02/skos/core#exactMatch	dwc:measurementType	rdf property	dwc:Assertion	Measurement Type		https://orcid.org/0000-0002-5669-2769	https://dissco.eu	2025-10-06
dwciri:measurementType	Measurement Type IRI	rdf property	ods:Assertion	http://www.w3.org/2004/02/skos/core#exactMatch	dwciri:measurementType	rdf property	dwc:Assertion	Measurement Type IRI		https://orcid.org/0000-0002-5669-2769	https://dissco.eu	2025-10-06
dwc:measurementDeterminedDate	Measurement Determined Date	rdf property	ods:Assertion	http://www.w3.org/2004/02/skos/core#exactMatch	dwc:measurementDeterminedDate	rdf property	dwc:Assertion	Measurement Determined Date		https://orcid.org/0000-0002-5669-2769	https://dissco.eu	2025-10-06
dwc:measurementValue	Measurement Value	rdf property	ods:Assertion	http://www.w3.org/2004/02/skos/core#exactMatch	dwc:measurementValue	rdf property	dwc:Assertion	Measurement Value		https://orcid.org/0000-0002-5669-2769	https://dissco.eu	2025-10-06
dwciri:measurementValue	Measurement Value IRI	rdf property	ods:Assertion	http://www.w3.org/2004/02/skos/core#exactMatch	dwciri:measurementValue	rdf property	dwc:Assertion	Measurement Value IRI		https://orcid.org/0000-0002-5669-2769	https://dissco.eu	2025-10-06
dwc:measurementUnit	Measurement Unit	rdf property	ods:Assertion	http://www.w3.org/2004/02/skos/core#exactMatch	dwc:measurementUnit	rdf property	dwc:Assertion	Measurement Unit		https://orcid.org/0000-0002-5669-2769	https://dissco.eu	2025-10-06
dwciri:measurementUnit	Measurement Unit IRI	rdf property	ods:Assertion	http://www.w3.org/2004/02/skos/core#exactMatch	dwciri:measurementUnit	rdf property	dwc:Assertion	Measurement Unit IRI		https://orcid.org/0000-0002-5669-2769	https://dissco.eu	2025-10-06
dwc:measurementDeterminedBy	Measurement Determined By	rdf property	ods:Assertion	http://www.w3.org/2004/02/skos/core#exactMatch	dwc:measurementDeterminedBy	rdf property	dwc:Assertion	Measurement Determined By		https://orcid.org/0000-0002-5669-2769	https://dissco.eu	2025-10-06
dwc:measurementDeterminedByID	Measurement Determined By ID	rdf property	ods:Assertion	http://www.w3.org/2004/02/skos/core#exactMatch	dwc:measurementDeterminedByID	rdf property	dwc:Assertion	Measurement Determined By ID		https://orcid.org/0000-0002-5669-2769	https://dissco.eu	2025-10-06
dwc:measurementMethod	Measurement Method	rdf property	ods:Assertion	http://www.w3.org/2004/02/skos/core#exactMatch	dwc:measurementMethod	rdf property	dwc:Assertion	Measurement Method		https://orcid.org/0000-0002-5669-2769	https://dissco.eu	2025-10-06
dwciri:measurementMethod	Measurement Method IRI	rdf property	ods:Assertion	http://www.w3.org/2004/02/skos/core#exactMatch	dwciri:measurementMethod	rdf property	dwc:Assertion	Measurement Method IRI		https://orcid.org/0000-0002-5669-2769	https://dissco.eu	2025-10-06
dwc:measurementReferences	Measurement References	rdf property	ods:Assertion	http://www.w3.org/2004/02/skos/core#exactMatch	dwc:measurementReferences	rdf property	dwc:Assertion	Measurement References		https://orcid.org/0000-0002-5669-2769	https://dissco.eu	2025-10-06
dwc:measurementRemarks	Measurement Remarks	rdf property	ods:Assertion	http://www.w3.org/2004/02/skos/core#exactMatch	dwc:measurementRemarks	rdf property	dwc:Assertion	Measurement Remarks		https://orcid.org/0000-0002-5669-2769	https://dissco.eu	2025-10-06
schema:identifier	Identifier	rdf property	ods:Agent	http://www.w3.org/2004/02/skos/core#exactMatch	dwc:agentID	rdf property	dwc:Agent	Agent ID		https://orcid.org/0000-0002-5669-2769	https://dissco.eu	2025-10-06
schema:name	Name	rdf property	ods:Agent	http://www.w3.org/2004/02/skos/core#exactMatch	dwc:agentRole	rdf property	dwc:Agent	Agent Role		https://orcid.org/0000-0002-5669-2769	https://dissco.eu	2025-10-06
schema:position	Position	rdf property	ods:Role	http://www.w3.org/2004/02/skos/core#exactMatch	dwc:agentRoleOrder	rdf property	dwc:Agent	Agent Role Order		https://orcid.org/0000-0002-5669-2769	https://dissco.eu	2025-10-06
schema:startDate	Starte Date	rdf property	ods:Role	http://www.w3.org/2004/02/skos/core#narrowMatch	dwc:agentRoleDate	rdf property	dwc:Agent	Agent Role Date	Start and End date are parsed into a single field date, seperated by a `/`	https://orcid.org/0000-0002-5669-2769	https://dissco.eu	2025-10-06
schema:endDate	End Date	rdf property	ods:Role	http://www.w3.org/2004/02/skos/core#narrowMatch	dwc:agentRoleDate	rdf property	dwc:Agent	Agent Role Date	Start and End date are parsed into a single field date, seperated by a `/`	https://orcid.org/0000-0002-5669-2769	https://dissco.eu	2025-10-06
dcterms:identifier	Identifier	rdf property	ods:Citation	http://www.w3.org/2004/02/skos/core#exactMatch	dwc.referenceID	rdf property	dwc:BiobliographicResource	Reference ID		https://orcid.org/0000-0002-5669-2769	https://dissco.eu	2025-10-06
dcterms:type	Type	rdf property	ods:Citation	http://www.w3.org/2004/02/skos/core#exactMatch	dwc:referenceType	rdf property	dwc:BiobliographicResource	Type		https://orcid.org/0000-0002-5669-2769	https://dissco.eu	2025-10-06
dcterms:bibliographicCitation	Bibliographic Citation	rdf property	ods:Citation	http://www.w3.org/2004/02/skos/core#exactMatch	dwc:bibliographicCitation	rdf property	dwc:BiobliographicResource	Bibliographic Citation		https://orcid.org/0000-0002-5669-2769	https://dissco.eu	2025-10-06
dcterms:date	Date	rdf property	ods:Citation	http://www.w3.org/2004/02/skos/core#exactMatch	dwc:issued	rdf property	dwc:BiobliographicResource	Issues		https://orcid.org/0000-0002-5669-2769	https://dissco.eu	2025-10-06
dcterms:title	Title	rdf property	ods:Citation	http://www.w3.org/2004/02/skos/core#exactMatch	dwc:title	rdf property	dwc:BiobliographicResource	Title		https://orcid.org/0000-0002-5669-2769	https://dissco.eu	2025-10-06
ods:pageNumber	Page Number	rdf property	ods:Citation	http://www.w3.org/2004/02/skos/core#exactMatch	dwc:pages	rdf property	dwc:BiobliographicResource	Pages		https://orcid.org/0000-0002-5669-2769	https://dissco.eu	2025-10-06
ods:isPeerReviewed	Is Peer Reviewed	rdf property	ods:Citation	http://www.w3.org/2004/02/skos/core#exactMatch	dwc:peerReviewStatus	rdf property	dwc:BiobliographicResource	Peer Review Status		https://orcid.org/0000-0002-5669-2769	https://dissco.eu	2025-10-06
schema:name	Name	rdf property	odsAgent	http://www.w3.org/2004/02/skos/core#narrowMatch	dwc:author	rdf property	dwc:BiobliographicResource	Author	Agent retrieved which has role `creator`	https://orcid.org/0000-0002-5669-2769	https://dissco.eu	2025-10-06
schema:identifier	Identifier	rdf property	odsAgent	http://www.w3.org/2004/02/skos/core#narrowMatch	dwc:authorID	rdf property	dwc:BiobliographicResource	Author ID	Agent retrieved which has role `creator`	https://orcid.org/0000-0002-5669-2769	https://dissco.eu	2025-10-06
schema:name	Name	rdf property	odsAgent	http://www.w3.org/2004/02/skos/core#narrowMatch	dwc:publisher	rdf property	dwc:BiobliographicResource	Publisher	Agent retrieved which has role `publihser`	https://orcid.org/0000-0002-5669-2769	https://dissco.eu	2025-10-06
schema:identifier	Identifier	rdf property	odsAgent	http://www.w3.org/2004/02/skos/core#narrowMatch	dwc:publisherID	rdf property	dwc:BiobliographicResource	Publisher ID	Agent retrieved which has role `publihser`	https://orcid.org/0000-0002-5669-2769	https://dissco.eu	2025-10-06
dcterms:description	Description	rdf property	ods:Citation	http://www.w3.org/2004/02/skos/core#exactMatch	dwc:referenceRemarks	rdf property	dwc:BiobliographicResource	Remarks		https://orcid.org/0000-0002-5669-2769	https://dissco.eu	2025-10-06
chrono:chronometricAgeID	Chronometric Age ID	rdf property	ods:ChronometricAge	http://www.w3.org/2004/02/skos/core#exactMatch	chrono:chronometricAgeID	rdf property	dwc:ChronometricAge	Chronometric Age ID		https://orcid.org/0000-0002-5669-2769	https://dissco.eu	2025-10-06
chrono:verbatimChronometricAge	Verbatim Chronometric Age	rdf property	ods:ChronometricAge	http://www.w3.org/2004/02/skos/core#exactMatch	chrono:verbatimChronometricAge	rdf property	dwc:ChronometricAge	Verbatim Chronometric Age		https://orcid.org/0000-0002-5669-2769	https://dissco.eu	2025-10-06
chrono:chronometricAgeProtocol	Chronometric Age Protocol	rdf property	ods:ChronometricAge	http://www.w3.org/2004/02/skos/core#exactMatch	chrono:chronometricAgeProtocol	rdf property	dwc:ChronometricAge	Chronometric Age Protocol		https://orcid.org/0000-0002-5669-2769	https://dissco.eu	2025-10-06
chrono:uncalibratedChronometricAge	Uncalibrated Chronometric Age	rdf property	ods:ChronometricAge	http://www.w3.org/2004/02/skos/core#exactMatch	chrono:uncalibratedChronometricAge	rdf property	dwc:ChronometricAge	Uncalibrated Chronometric Age		https://orcid.org/0000-0002-5669-2769	https://dissco.eu	2025-10-06
chrono:chronometricAgeConversionProtocol	Chronometric Age Conversion Protocol	rdf property	ods:ChronometricAge	http://www.w3.org/2004/02/skos/core#exactMatch	chrono:chronometricAgeConversionProtocol	rdf property	dwc:ChronometricAge	Chronometric Age Conversion Protocol		https://orcid.org/0000-0002-5669-2769	https://dissco.eu	2025-10-06
chrono:earliestChronometricAge	Earliest Chronometric Age	rdf property	ods:ChronometricAge	http://www.w3.org/2004/02/skos/core#exactMatch	chrono:earliestChronometricAge	rdf property	dwc:ChronometricAge	Earliest Chronometric Age		https://orcid.org/0000-0002-5669-2769	https://dissco.eu	2025-10-06
chrono:earliestChronometricAgeReferenceSystem	Earliest Chronometric Age Reference System	rdf property	ods:ChronometricAge	http://www.w3.org/2004/02/skos/core#exactMatch	chrono:earliestChronometricAgeReferenceSystem	rdf property	dwc:ChronometricAge	Earliest Chronometric Age Reference System		https://orcid.org/0000-0002-5669-2769	https://dissco.eu	2025-10-06
chrono:latestChronometricAge	Latest Chronometric Age	rdf property	ods:ChronometricAge	http://www.w3.org/2004/02/skos/core#exactMatch	chrono:latestChronometricAge	rdf property	dwc:ChronometricAge	Latest Chronometric Age		https://orcid.org/0000-0002-5669-2769	https://dissco.eu	2025-10-06
chrono:latestChronometricAgeReferenceSystem	Latest Chronometric Age Reference System	rdf property	ods:ChronometricAge	http://www.w3.org/2004/02/skos/core#exactMatch	chrono:latestChronometricAgeReferenceSystem	rdf property	dwc:ChronometricAge	Latest Chronometric Age Reference System		https://orcid.org/0000-0002-5669-2769	https://dissco.eu	2025-10-06
chrono:chronometricAgeUncertaintyInYears	Chronometric Age Uncertainty In Years	rdf property	ods:ChronometricAge	http://www.w3.org/2004/02/skos/core#exactMatch	chrono:chronometricAgeUncertaintyInYears	rdf property	dwc:ChronometricAge	Chronometric Age Uncertainty In Years		https://orcid.org/0000-0002-5669-2769	https://dissco.eu	2025-10-06
chrono:chronometricAgeUncertaintyMethod	Chronometric Age Uncertainty Method	rdf property	ods:ChronometricAge	http://www.w3.org/2004/02/skos/core#exactMatch	chrono:chronometricAgeUncertaintyMethod	rdf property	dwc:ChronometricAge	Chronometric Age Uncertainty Method		https://orcid.org/0000-0002-5669-2769	https://dissco.eu	2025-10-06
chrono:materialDated	Material Dated	rdf property	ods:ChronometricAge	http://www.w3.org/2004/02/skos/core#exactMatch	chrono:materialDated	rdf property	dwc:ChronometricAge	Material Dated		https://orcid.org/0000-0002-5669-2769	https://dissco.eu	2025-10-06
chrono:materialDatedID	Material Dated ID	rdf property	ods:ChronometricAge	http://www.w3.org/2004/02/skos/core#exactMatch	chrono:materialDatedID	rdf property	dwc:ChronometricAge	Material Dated ID		https://orcid.org/0000-0002-5669-2769	https://dissco.eu	2025-10-06
chrono:materialDatedRelationship	Material Dated Relationship	rdf property	ods:ChronometricAge	http://www.w3.org/2004/02/skos/core#exactMatch	chrono:materialDatedRelationship	rdf property	dwc:ChronometricAge	Material Dated Relationship		https://orcid.org/0000-0002-5669-2769	https://dissco.eu	2025-10-06
schema:identifier	Identifier	rdf property	odsAgent	http://www.w3.org/2004/02/skos/core#narrowMatch	chrono:chronometricAgeDeterminedBy	rdf property	dwc:ChronometricAge	Chronometric Age Determined By	Combines any agents attached to the Chronometric Age	https://orcid.org/0000-0002-5669-2769	https://dissco.eu	2025-10-06
schema:name	Name	rdf property	odsAgent	http://www.w3.org/2004/02/skos/core#narrowMatch	chrono:chronometricAgeDeterminedByID	rdf property	dwc:ChronometricAge	Chronometric Age Determined By ID	Combines any agents attached to the Chronometric Age	https://orcid.org/0000-0002-5669-2769	https://dissco.eu	2025-10-06
chrono:chronometricAgeDeterminedDate	Chronometric Age Determined Date	rdf property	ods:ChronometricAge	http://www.w3.org/2004/02/skos/core#exactMatch	chrono:chronometricAgeDeterminedDate	rdf property	dwc:ChronometricAge	Chronometric Age Determined Date		https://orcid.org/0000-0002-5669-2769	https://dissco.eu	2025-10-06
chrono:chronometricAgeReferences	Chronometric Age References	rdf property	ods:ChronometricAge	http://www.w3.org/2004/02/skos/core#exactMatch	chrono:chronometricAgeReferences	rdf property	dwc:ChronometricAge	Chronometric Age References		https://orcid.org/0000-0002-5669-2769	https://dissco.eu	2025-10-06
chrono:chronometricAgeRemarks	Chronometric Age Remarks	rdf property	ods:ChronometricAge	http://www.w3.org/2004/02/skos/core#exactMatch	chrono:chronometricAgeRemarks	rdf property	dwc:ChronometricAge	Chronometric Age Remarks		https://orcid.org/0000-0002-5669-2769	https://dissco.eu	2025-10-06
dcterms:identifier		rdf property	ods:EntityRelationship	http://www.w3.org/2004/02/skos/core#exactMatch	dwc:resourceRelationshipID	rdf property	dwc:Relationship	Resource Relationship ID		https://orcid.org/0000-0002-5669-2769	https://dissco.eu	2025-10-06
ods:physicalSpecimenID	Physical Specimen ID	rdf property	ods:DigitalSpecimen	http://www.w3.org/2004/02/skos/core#exactMatch	dwc:subjectResourceID	rdf property	dwc:Relationship	Subject Resource ID		https://orcid.org/0000-0002-5669-2769	https://dissco.eu	2025-10-06
dwc:relationshipOfResource	Relationship of Resource	rdf property	ods:EntityRelationship	http://www.w3.org/2004/02/skos/core#exactMatch	dwc:relationshipType	rdf property	dwc:Relationship	Relationship Type		https://orcid.org/0000-0002-5669-2769	https://dissco.eu	2025-10-06
ods:relatedResourceURI	Related Resource URI	rdf property	ods:EntityRelationship	http://www.w3.org/2004/02/skos/core#narrowMatch	dwc:externalResourceID	rdf property	dwc:Relationship	External Resource ID	URI is parsed to string. For now we only expect to supply external relationships	https://orcid.org/0000-0002-5669-2769	https://dissco.eu	2025-10-06
dwc:relationshipRemarks	Relationship Remarks	rdf property	ods:EntityRelationship	http://www.w3.org/2004/02/skos/core#exactMatch	dwc:relationshipRemarks	rdf property	dwc:Relationship	Relationship Remarks		https://orcid.org/0000-0002-5669-2769	https://dissco.eu	2025-10-06
dcterms:identifier	Identifier	rdf property	ods:Agent	http://www.w3.org/2004/02/skos/core#narrowMatch	dwc:relationshipAccordingToID	rdf property	dwc:Relationship	Relationship According To ID	Takes the first agent	https://orcid.org/0000-0002-5669-2769	https://dissco.eu	2025-10-06
schema:name	Name	rdf property	ods:Agent	http://www.w3.org/2004/02/skos/core#narrowMatch	dwc:relationshipAccordingTo	rdf property	dwc:Relationship	Relationship According To	Takes the first agent	https://orcid.org/0000-0002-5669-2769	https://dissco.eu	2025-10-06
dwc:relationshipEstablishedDate	Relationship Established Date	rdf property	ods:EntityRelationship	http://www.w3.org/2004/02/skos/core#exactMatch	dwc:relationshipEstablishedDate	rdf property	dwc:Relationship	Relationship Established Date		https://orcid.org/0000-0002-5669-2769	https://dissco.eu	2025-10-06
dcterms:identifier	Identifier	rdf property	ods:Identifier	http://www.w3.org/2004/02/skos/core#exactMatch	dcterms:identifier	rdf property	dwc:Identifier	Identifier		https://orcid.org/0000-0002-5669-2769	https://dissco.eu	2025-10-06
dcterms:title	Identifier Type	rdf property	ods:Identifier	http://www.w3.org/2004/02/skos/core#exactMatch	dcterms:title	rdf property	dwc:Identifier	Identifier Type		https://orcid.org/0000-0002-5669-2769	https://dissco.eu	2025-10-06
dcterms:identifier	Identifier	rdf property	ods:Media	http://www.w3.org/2004/02/skos/core#exactMatch	dwc:mediaID	rdf property	ac:Media	Media ID		https://orcid.org/0000-0002-5669-2769	https://dissco.eu	2025-10-07
dcterms:type	Type	rdf property	ods:Media	http://www.w3.org/2004/02/skos/core#exactMatch	dcterms:type	rdf property	ac:Media	Type		https://orcid.org/0000-0002-5669-2769	https://dissco.eu	2025-10-07
dcterms:title	Description	rdf property	ods:Media	http://www.w3.org/2004/02/skos/core#exactMatch	dcterms:title	rdf property	ac:Media	Description		https://orcid.org/0000-0002-5669-2769	https://dissco.eu	2025-10-07
dcterms:description	Title	rdf property	ods:Media	http://www.w3.org/2004/02/skos/core#exactMatch	dcterms:description	rdf property	ac:Media	Title		https://orcid.org/0000-0002-5669-2769	https://dissco.eu	2025-10-07
dcterms:language	Language	rdf property	ods:Media	http://www.w3.org/2004/02/skos/core#exactMatch	dcterms:language	rdf property	ac:Media	Language		https://orcid.org/0000-0002-5669-2769	https://dissco.eu	2025-10-07
dcterms:description	Description	rdf property	ods:Media	http://www.w3.org/2004/02/skos/core#exactMatch	dcterms:description	rdf property	ac:Media	Description		https://orcid.org/0000-0002-5669-2769	https://dissco.eu	2025-10-07
ac:metadataLanguageIRI	Metadata Language IRI	rdf property	ods:Media	http://www.w3.org/2004/02/skos/core#exactMatch	ac:metadataLanguageIRI	rdf property	ac:Media	Metadata Language IRI		https://orcid.org/0000-0002-5669-2769	https://dissco.eu	2025-10-07
ac:metadataLanguageLiteral	Metadata Language Literal	rdf property	ods:Media	http://www.w3.org/2004/02/skos/core#exactMatch	ac:metadataLanguageLiteral	rdf property	ac:Media	Metadata Language Literal		https://orcid.org/0000-0002-5669-2769	https://dissco.eu	2025-10-07
ac:subtypeIRI	Subtype IRI	rdf property	ods:Media	http://www.w3.org/2004/02/skos/core#exactMatch	ac:subtypeIRI	rdf property	ac:Media	Subtype IRI		https://orcid.org/0000-0002-5669-2769	https://dissco.eu	2025-10-07
ac:subtypeLiteral	Subtype Literal	rdf property	ods:Media	http://www.w3.org/2004/02/skos/core#exactMatch	ac:subtypeLiteral	rdf property	ac:Media	Subtype Literal		https://orcid.org/0000-0002-5669-2769	https://dissco.eu	2025-10-07
ac:comments	Comments	rdf property	ods:Media	http://www.w3.org/2004/02/skos/core#exactMatch	ac:comments	rdf property	ac:Media	Comments		https://orcid.org/0000-0002-5669-2769	https://dissco.eu	2025-10-07
ac:accessURI	Access URI	rdf property	ods:Media	http://www.w3.org/2004/02/skos/core#exactMatch	ac:accessURI	rdf property	ac:Media	Access URI		https://orcid.org/0000-0002-5669-2769	https://dissco.eu	2025-10-07
dcterms:format	Format	rdf property	ods:Media	http://www.w3.org/2004/02/skos/core#exactMatch	dcterms:format	rdf property	ac:Media	Format		https://orcid.org/0000-0002-5669-2769	https://dissco.eu	2025-10-07
dcterms:available	Available	rdf property	ods:Media	http://www.w3.org/2004/02/skos/core#exactMatch	dcterms:available	rdf property	ac:Media	Available		https://orcid.org/0000-0002-5669-2769	https://dissco.eu	2025-10-07
ac:subjectCategorySource	Subject Category Source	rdf property	ods:Media	http://www.w3.org/2004/02/skos/core#exactMatch	ac:subjectCategorySource	rdf property	ac:Media	Subject Category Source		https://orcid.org/0000-0002-5669-2769	https://dissco.eu	2025-10-07
ac:tag	Tag	rdf property	ods:Media	http://www.w3.org/2004/02/skos/core#exactMatch	ac:tag	rdf property	ac:Media	Tag		https://orcid.org/0000-0002-5669-2769	https://dissco.eu	2025-10-07
dcterms:created	Create Date	rdf property	ods:Media	http://www.w3.org/2004/02/skos/core#exactMatch	xap:CreateDate	rdf property	ac:Media	Original Date and Time		https://orcid.org/0000-0002-5669-2769	https://dissco.eu	2025-10-07
ac:subjectOrientationIRI	Subject Orientation IRI	rdf property	ods:Media	http://www.w3.org/2004/02/skos/core#exactMatch	ac:subjectOrientationIRI	rdf property	ac:Media	Subject Orientation IRI		https://orcid.org/0000-0002-5669-2769	https://dissco.eu	2025-10-07
ac:subjectOrientationLiteral	Subject Orientation Literal	rdf property	ods:Media	http://www.w3.org/2004/02/skos/core#exactMatch	ac:subjectOrientationLiteral	rdf property	ac:Media	Subject Orientation Literal		https://orcid.org/0000-0002-5669-2769	https://dissco.eu	2025-10-07
ac:subjectPartIRI	Subject Part IRI	rdf property	ods:Media	http://www.w3.org/2004/02/skos/core#exactMatch	ac:subjectPartIRI	rdf property	ac:Media	Subject Part IRI		https://orcid.org/0000-0002-5669-2769	https://dissco.eu	2025-10-07
ac:subjectPartLiteral	Subject Part Literal	rdf property	ods:Media	http://www.w3.org/2004/02/skos/core#exactMatch	ac:subjectPartLiteral	rdf property	ac:Media	Subject Part Literal		https://orcid.org/0000-0002-5669-2769	https://dissco.eu	2025-10-07
ac:frameRate	Frame Rate	rdf property	ods:Media	http://www.w3.org/2004/02/skos/core#exactMatch	ac:frameRate	rdf property	ac:Media	Frame Rate		https://orcid.org/0000-0002-5669-2769	https://dissco.eu	2025-10-07
ac:resourceCreationTechnique	Resource Creation Technique	rdf property	ods:Media	http://www.w3.org/2004/02/skos/core#exactMatch	ac:resourceCreationTechnique	rdf property	ac:Media	Resource Creation Technique		https://orcid.org/0000-0002-5669-2769	https://dissco.eu	2025-10-07
ac:timeOfDay	Time Of Day	rdf property	ods:Media	http://www.w3.org/2004/02/skos/core#exactMatch	ac:timeOfDay	rdf property	ac:Media	Time Of Day		https://orcid.org/0000-0002-5669-2769	https://dissco.eu	2025-10-07
ac:captureDevice	Capture Device	rdf property	ods:Media	http://www.w3.org/2004/02/skos/core#exactMatch	ac:captureDevice	rdf property	ac:Media	Capture Device		https://orcid.org/0000-0002-5669-2769	https://dissco.eu	2025-10-07
dcterms:modified	Modified	rdf property	ods:Media	http://www.w3.org/2004/02/skos/core#exactMatch	dcterms:modified	rdf property	ac:Media	Modified		https://orcid.org/0000-0002-5669-2769	https://dissco.eu	2025-10-07
ac:variantLiteral	Variant Literal	rdf property	ods:Media	http://www.w3.org/2004/02/skos/core#exactMatch	ac:variantLiteral	rdf property	ac:Media	Variant Literal		https://orcid.org/0000-0002-5669-2769	https://dissco.eu	2025-10-07
ac:variantIRI	Variant IRI	rdf property	ods:Media	http://www.w3.org/2004/02/skos/core#exactMatch	ac:variantIRI	rdf property	ac:Media	Variant IRI		https://orcid.org/0000-0002-5669-2769	https://dissco.eu	2025-10-07
ac:variantDescription	Variant Description	rdf property	ods:Media	http://www.w3.org/2004/02/skos/core#exactMatch	ac:variantDescription	rdf property	ac:Media	Variant Description		https://orcid.org/0000-0002-5669-2769	https://dissco.eu	2025-10-07
exif:pixelXDimension	Pixel X Dimension	rdf property	ods:Media	http://www.w3.org/2004/02/skos/core#exactMatch	exif:pixelXDimension	rdf property	ac:Media	Pixel X Dimension		https://orcid.org/0000-0002-5669-2769	https://dissco.eu	2025-10-07
exif:pixelYDimension	Pixel Y Dimension	rdf property	ods:Media	http://www.w3.org/2004/02/skos/core#exactMatch	exif:pixelYDimension	rdf property	ac:Media	Pixel Y Dimension		https://orcid.org/0000-0002-5669-2769	https://dissco.eu	2025-10-07
dcterms:rights	Rights	rdf property	ods:Media	http://www.w3.org/2004/02/skos/core#broadMatch	dc:rights	rdf property	dwc:UsagePolicy	Rights		https://orcid.org/0000-0002-5669-2769	https://dissco.eu	2025-10-07
xmprights:usageTerms	Usage Terms	rdf property	ods:Media	http://www.w3.org/2004/02/skos/core#exactMatch	xmprights:UsageTerms	rdf property	dwc:UsagePolicy	Usage Terms		https://orcid.org/0000-0002-5669-2769	https://dissco.eu	2025-10-07
xmprights:webStatement	Web Statement	rdf property	ods:Media	http://www.w3.org/2004/02/skos/core#exactMatch	xmprights:webStatement	rdf property	dwc:UsagePolicy	Web Statement		https://orcid.org/0000-0002-5669-2769	https://dissco.eu	2025-10-07
dcterms:identifier	Identifier	rdf property	ods:Agent	http://www.w3.org/2004/02/skos/core#narrowMatch	xmprights:owner	rdf property	dwc:UsagePolicy	Owner	Agent retrieved which has role `rights-owner`	https://orcid.org/0000-0002-5669-2769	https://dissco.eu	2025-10-07
schema:name	Name	rdf property	ods:Agent	http://www.w3.org/2004/02/skos/core#narrowMatch	xmprights:ownerID	rdf property	dwc:UsagePolicy	OwnerID	Agent retrieved which has role `rights-owner`	https://orcid.org/0000-0002-5669-2769	https://dissco.eu	2025-10-07
