subject_id	subject_label	subject_type	subject_category	predicate_id	object_id	object_label	object_type	object_category	Comment	author_id	mapping_provider	mapping_date
dcterms:modified	Modified	rdf property	ods:DigitalSpecimen	http://www.w3.org/2004/02/skos/core#exactMatch	dcterms:modified	Modified	rdf property	http://rs.tdwg.org/dwc/terms/Occurrence		https://orcid.org/0000-0002-5669-2769	https://dissco.eu	2025-10-10
ods:physicalSpecimenID	Physical Specimen ID	rdf property	ods:DigitalSpecimen	http://www.w3.org/2004/02/skos/core#narrowMatch	dwc:occurrenceID	Occurrence ID	rdf property	http://rs.tdwg.org/dwc/terms/Occurrence		https://orcid.org/0000-0002-5669-2769	https://dissco.eu	2025-10-10
ods:physicalSpecimenID	Physical Specimen ID	rdf property	ods:DigitalSpecimen	http://www.w3.org/2004/02/skos/core#narrowMatch	dwc:catalogNumber	Catalog Number	rdf property	http://rs.tdwg.org/dwc/terms/Occurrence		https://orcid.org/0000-0002-5669-2769	https://dissco.eu	2025-10-10
ods:physicalSpecimenID	Physical Specimen ID	rdf property	ods:DigitalSpecimen	http://www.w3.org/2004/02/skos/core#narrowMatch	dwc:materialSampleID	Material Sample ID	rdf property	http://rs.tdwg.org/dwc/terms/Occurrence		https://orcid.org/0000-0002-5669-2769	https://dissco.eu	2025-10-10
ods:physicalSpecimenID	Physical Specimen ID	rdf property	ods:DigitalSpecimen	http://www.w3.org/2004/02/skos/core#exactMatch	dwc:materialEntityID	Material Entity ID	rdf property	http://rs.tdwg.org/dwc/terms/Occurrence		https://orcid.org/0000-0002-5669-2769	https://dissco.eu	2025-10-10
dcterms:license	License	rdf property	ods:DigitalSpecimen	http://www.w3.org/2004/02/skos/core#broadMatch	dc:license	License	rdf property	http://rs.tdwg.org/dwc/terms/Occurrence		https://orcid.org/0000-0002-5669-2769	https://dissco.eu	2025-10-10
dcterms:license	License	rdf property	ods:DigitalSpecimen	http://www.w3.org/2004/02/skos/core#narrowMatch	eml:license	License	rdf property		This is set on dataset level instead of on row level	https://orcid.org/0000-0002-5669-2769	https://dissco.eu	2025-10-10
dwc:basisOfRecord	Basis Of Record	rdf property	ods:DigitalSpecimen	http://www.w3.org/2004/02/skos/core#exactMatch	dwc:basisOfRecord	Basis Of Record	rdf property	http://rs.tdwg.org/dwc/terms/Occurrence		https://orcid.org/0000-0002-5669-2769	https://dissco.eu	2025-10-10
dwc:collectionID	Collection ID	rdf property	ods:DigitalSpecimen	http://www.w3.org/2004/02/skos/core#exactMatch	dwc:collectionID	Collection ID	rdf property	http://rs.tdwg.org/dwc/terms/Occurrence		https://orcid.org/0000-0002-5669-2769	https://dissco.eu	2025-10-10
dwc:informationWithheld	Information Withheld	rdf property	ods:DigitalSpecimen	http://www.w3.org/2004/02/skos/core#exactMatch	dwc:informationWithheld	Information Withheld	rdf property	http://rs.tdwg.org/dwc/terms/Occurrence		https://orcid.org/0000-0002-5669-2769	https://dissco.eu	2025-10-10
dwc:preparations	Preparations	rdf property	ods:DigitalSpecimen	http://www.w3.org/2004/02/skos/core#exactMatch	dwc:preparations	Preparations	rdf property	http://rs.tdwg.org/dwc/terms/Occurrence		https://orcid.org/0000-0002-5669-2769	https://dissco.eu	2025-10-10
dwc:disposition	Disposition	rdf property	ods:DigitalSpecimen	http://www.w3.org/2004/02/skos/core#exactMatch	dwc:disposition	Disposition	rdf property	http://rs.tdwg.org/dwc/terms/Occurrence		https://orcid.org/0000-0002-5669-2769	https://dissco.eu	2025-10-10
dwc:dataGeneralizations	Data Generalizations	rdf property	ods:DigitalSpecimen	http://www.w3.org/2004/02/skos/core#exactMatch	dwc:dataGeneralizations	Data Generalizations	rdf property	http://rs.tdwg.org/dwc/terms/Occurrence		https://orcid.org/0000-0002-5669-2769	https://dissco.eu	2025-10-10
dwc:datasetName	Dataset Name	rdf property	ods:DigitalSpecimen	http://www.w3.org/2004/02/skos/core#exactMatch	dwc:datasetName	Dataset Name	rdf property	http://rs.tdwg.org/dwc/terms/Occurrence		https://orcid.org/0000-0002-5669-2769	https://dissco.eu	2025-10-10
dwc:datasetName	Dataset Name	rdf property	ods:DigitalSpecimen	http://www.w3.org/2004/02/skos/core#narrowMatch	eml:title	Title	rdf property		This is set on dataset level instead of on row level	https://orcid.org/0000-0002-5669-2769	https://dissco.eu	2025-10-10
dwc:datasetID	Dataset ID	rdf property	ods:DigitalSpecimen	http://www.w3.org/2004/02/skos/core#exactMatch	dwc:datasetID	Dataset ID	rdf property	http://rs.tdwg.org/dwc/terms/Occurrence		https://orcid.org/0000-0002-5669-2769	https://dissco.eu	2025-10-10
dcterms:accessRights	Access Rights	rdf property	ods:DigitalSpecimen	http://www.w3.org/2004/02/skos/core#exactMatch	dcterms:accessRights	Access Rights	rdf property	http://rs.tdwg.org/dwc/terms/Occurrence		https://orcid.org/0000-0002-5669-2769	https://dissco.eu	2025-10-10
dcterms:rightsHolder	Rights Holder	rdf property	ods:DigitalSpecimen	http://www.w3.org/2004/02/skos/core#exactMatch	dcterms:rightsHolder	Rights Holder	rdf property	http://rs.tdwg.org/dwc/terms/Occurrence		https://orcid.org/0000-0002-5669-2769	https://dissco.eu	2025-10-10
dwc:organismID	Organism ID	rdf property	ods:DigitalSpecimen	http://www.w3.org/2004/02/skos/core#exactMatch	dwc:organismID	Organism ID	rdf property	http://rs.tdwg.org/dwc/terms/Occurrence		https://orcid.org/0000-0002-5669-2769	https://dissco.eu	2025-10-10
dwc:organismName	Organism Name	rdf property	ods:DigitalSpecimen	http://www.w3.org/2004/02/skos/core#exactMatch	dwc:organismName	Organism Name	rdf property	http://rs.tdwg.org/dwc/terms/Occurrence		https://orcid.org/0000-0002-5669-2769	https://dissco.eu	2025-10-10
dwc:organismScope	Organism Scope	rdf property	ods:DigitalSpecimen	http://www.w3.org/2004/02/skos/core#exactMatch	dwc:organismScope	Organism Scope	rdf property	http://rs.tdwg.org/dwc/terms/Occurrence		https://orcid.org/0000-0002-5669-2769	https://dissco.eu	2025-10-10
dwc:organismRemarks	Organism Remarks	rdf property	ods:DigitalSpecimen	http://www.w3.org/2004/02/skos/core#exactMatch	dwc:organismRemarks	Organism Remarks	rdf property	http://rs.tdwg.org/dwc/terms/Occurrence		https://orcid.org/0000-0002-5669-2769	https://dissco.eu	2025-10-10
dwc:verbatimLabel	Verbatim Label	rdf property	ods:DigitalSpecimen	http://www.w3.org/2004/02/skos/core#exactMatch	dwc:verbatimLabel	Verbatim Label	rdf property	http://rs.tdwg.org/dwc/terms/Occurrence		https://orcid.org/0000-0002-5669-2769	https://dissco.eu	2025-10-10
dwc:dynamicProperties	Dynamic Properties	rdf property	ods:DigitalSpecimen	http://www.w3.org/2004/02/skos/core#exactMatch	dwc:dynamicProperties	Dynamic Properties	rdf property	http://rs.tdwg.org/dwc/terms/Occurrence		https://orcid.org/0000-0002-5669-2769	https://dissco.eu	2025-10-10
dwc:behavior	Behavior	rdf property	ods:Event	http://www.w3.org/2004/02/skos/core#exactMatch	dwc:behavior	Behavior	rdf property	http://rs.tdwg.org/dwc/terms/Occurrence		https://orcid.org/0000-0002-5669-2769	https://dissco.eu	2025-10-10
dwc:sex	Sex	rdf property	ods:Event	http://www.w3.org/2004/02/skos/core#exactMatch	dwc:sex	Sex	rdf property	http://rs.tdwg.org/dwc/terms/Occurrence		https://orcid.org/0000-0002-5669-2769	https://dissco.eu	2025-10-10
dwc:lifeStage	Life Stage	rdf property	ods:Event	http://www.w3.org/2004/02/skos/core#exactMatch	dwc:lifeStage	Life Stage	rdf property	http://rs.tdwg.org/dwc/terms/Occurrence		https://orcid.org/0000-0002-5669-2769	https://dissco.eu	2025-10-10
dwc:reproductiveCondition	Reproductive Condition	rdf property	ods:Event	http://www.w3.org/2004/02/skos/core#exactMatch	dwc:reproductiveCondition	Reproductive Condition	rdf property	http://rs.tdwg.org/dwc/terms/Occurrence		https://orcid.org/0000-0002-5669-2769	https://dissco.eu	2025-10-10
dwc:caste	Caste	rdf property	ods:Event	http://www.w3.org/2004/02/skos/core#exactMatch	dwc:caste	Caste	rdf property	http://rs.tdwg.org/dwc/terms/Occurrence		https://orcid.org/0000-0002-5669-2769	https://dissco.eu	2025-10-10
dwc:vitality	Vitality	rdf property	ods:Event	http://www.w3.org/2004/02/skos/core#exactMatch	dwc:vitality	Vitality	rdf property	http://rs.tdwg.org/dwc/terms/Occurrence		https://orcid.org/0000-0002-5669-2769	https://dissco.eu	2025-10-10
dwc:establishmentMeans	Establishment Means	rdf property	ods:Event	http://www.w3.org/2004/02/skos/core#exactMatch	dwc:establishmentMeans	Establishment Means	rdf property	http://rs.tdwg.org/dwc/terms/Occurrence		https://orcid.org/0000-0002-5669-2769	https://dissco.eu	2025-10-10
dwc:pathway	Pathway	rdf property	ods:Event	http://www.w3.org/2004/02/skos/core#exactMatch	dwc:pathway	Pathway	rdf property	http://rs.tdwg.org/dwc/terms/Occurrence		https://orcid.org/0000-0002-5669-2769	https://dissco.eu	2025-10-10
dwc:degreeOfEstablishment	Degree Of Establishment	rdf property	ods:Event	http://www.w3.org/2004/02/skos/core#exactMatch	dwc:degreeOfEstablishment	Degree Of Establishment	rdf property	http://rs.tdwg.org/dwc/terms/Occurrence		https://orcid.org/0000-0002-5669-2769	https://dissco.eu	2025-10-10
dwc:GeoreferenceVerificationStatus	Georeference Verification Status	rdf property	ods:Event	http://www.w3.org/2004/02/skos/core#exactMatch	dwc:GeoreferenceVerificationStatus	Georeference Verification Status	rdf property	http://rs.tdwg.org/dwc/terms/Occurrence		https://orcid.org/0000-0002-5669-2769	https://dissco.eu	2025-10-10
dwc:fieldNumber	Field Number	rdf property	ods:Event	http://www.w3.org/2004/02/skos/core#exactMatch	dwc:fieldNumber	Field Number	rdf property	http://rs.tdwg.org/dwc/terms/Occurrence		https://orcid.org/0000-0002-5669-2769	https://dissco.eu	2025-10-10
dwc:eventDate	Event Date	rdf property	ods:Event	http://www.w3.org/2004/02/skos/core#exactMatch	dwc:eventDate	Event Date	rdf property	http://rs.tdwg.org/dwc/terms/Occurrence		https://orcid.org/0000-0002-5669-2769	https://dissco.eu	2025-10-10
dwc:verbatimEventDate	Verbatim Event Date	rdf property	ods:Event	http://www.w3.org/2004/02/skos/core#exactMatch	dwc:verbatimEventDate	Verbatim Event Date	rdf property	http://rs.tdwg.org/dwc/terms/Occurrence		https://orcid.org/0000-0002-5669-2769	https://dissco.eu	2025-10-10
dwc:year	Year	rdf property	ods:Event	http://www.w3.org/2004/02/skos/core#exactMatch	dwc:year	Year	rdf property	http://rs.tdwg.org/dwc/terms/Occurrence		https://orcid.org/0000-0002-5669-2769	https://dissco.eu	2025-10-10
dwc:month	Month	rdf property	ods:Event	http://www.w3.org/2004/02/skos/core#exactMatch	dwc:month	Month	rdf property	http://rs.tdwg.org/dwc/terms/Occurrence		https://orcid.org/0000-0002-5669-2769	https://dissco.eu	2025-10-10
dwc:day	Day	rdf property	ods:Event	http://www.w3.org/2004/02/skos/core#exactMatch	dwc:day	Day	rdf property	http://rs.tdwg.org/dwc/terms/Occurrence		https://orcid.org/0000-0002-5669-2769	https://dissco.eu	2025-10-10
dwc:habitat	Habitat	rdf property	ods:Event	http://www.w3.org/2004/02/skos/core#exactMatch	dwc:habitat	Habitat	rdf property	http://rs.tdwg.org/dwc/terms/Occurrence		https://orcid.org/0000-0002-5669-2769	https://dissco.eu	2025-10-10
dwc:sampleSizeValue	Sample Size Value	rdf property	ods:Event	http://www.w3.org/2004/02/skos/core#exactMatch	dwc:sampleSizeValue	Sample Size Value	rdf property	http://rs.tdwg.org/dwc/terms/Occurrence		https://orcid.org/0000-0002-5669-2769	https://dissco.eu	2025-10-10
dwc:sampleSizeUnit	Sample Size Unit	rdf property	ods:Event	http://www.w3.org/2004/02/skos/core#exactMatch	dwc:sampleSizeUnit	Sample Size Unit	rdf property	http://rs.tdwg.org/dwc/terms/Occurrence		https://orcid.org/0000-0002-5669-2769	https://dissco.eu	2025-10-10
dwc:samplingProtocol	Sampling Protocol	rdf property	ods:Event	http://www.w3.org/2004/02/skos/core#exactMatch	dwc:samplingProtocol	Sampling Protocol	rdf property	http://rs.tdwg.org/dwc/terms/Occurrence		https://orcid.org/0000-0002-5669-2769	https://dissco.eu	2025-10-10
dwc:fieldNotes	Field Notes	rdf property	ods:Event	http://www.w3.org/2004/02/skos/core#exactMatch	dwc:fieldNotes	Field Notes	rdf property	http://rs.tdwg.org/dwc/terms/Occurrence		https://orcid.org/0000-0002-5669-2769	https://dissco.eu	2025-10-10
dwc:eventRemarks	Event Remarks	rdf property	ods:Event	http://www.w3.org/2004/02/skos/core#exactMatch	dwc:eventRemarks	Event Remarks	rdf property	http://rs.tdwg.org/dwc/terms/Occurrence		https://orcid.org/0000-0002-5669-2769	https://dissco.eu	2025-10-10
dwc:eventRemarks	Event Remarks	rdf property	ods:Event	http://www.w3.org/2004/02/skos/core#exactMatch	dwc:occurrenceRemarks	Occurrence Remarks	rdf property	http://rs.tdwg.org/dwc/terms/Occurrence		https://orcid.org/0000-0002-5669-2769	https://dissco.eu	2025-10-10
dwc:locationID	Location ID	rdf property	ods:Location	http://www.w3.org/2004/02/skos/core#exactMatch	dwc:locationID	Location ID	rdf property	http://rs.tdwg.org/dwc/terms/Occurrence		https://orcid.org/0000-0002-5669-2769	https://dissco.eu	2025-10-10
dwc:continent	Continent	rdf property	ods:Location	http://www.w3.org/2004/02/skos/core#exactMatch	dwc:continent	Continent	rdf property	http://rs.tdwg.org/dwc/terms/Occurrence		https://orcid.org/0000-0002-5669-2769	https://dissco.eu	2025-10-10
dwc:waterBody	Water Body	rdf property	ods:Location	http://www.w3.org/2004/02/skos/core#exactMatch	dwc:waterBody	Water Body	rdf property	http://rs.tdwg.org/dwc/terms/Occurrence		https://orcid.org/0000-0002-5669-2769	https://dissco.eu	2025-10-10
dwc:islandGroup	Island Group	rdf property	ods:Location	http://www.w3.org/2004/02/skos/core#exactMatch	dwc:islandGroup	Island Group	rdf property	http://rs.tdwg.org/dwc/terms/Occurrence		https://orcid.org/0000-0002-5669-2769	https://dissco.eu	2025-10-10
dwc:island	Island	rdf property	ods:Location	http://www.w3.org/2004/02/skos/core#exactMatch	dwc:island	Island	rdf property	http://rs.tdwg.org/dwc/terms/Occurrence		https://orcid.org/0000-0002-5669-2769	https://dissco.eu	2025-10-10
dwc:country	Country	rdf property	ods:Location	http://www.w3.org/2004/02/skos/core#exactMatch	dwc:country	Country	rdf property	http://rs.tdwg.org/dwc/terms/Occurrence		https://orcid.org/0000-0002-5669-2769	https://dissco.eu	2025-10-10
dwc:countryCode	Country Code	rdf property	ods:Location	http://www.w3.org/2004/02/skos/core#exactMatch	dwc:countryCode	Country Code	rdf property	http://rs.tdwg.org/dwc/terms/Occurrence		https://orcid.org/0000-0002-5669-2769	https://dissco.eu	2025-10-10
dwc:stateProvince	State Province	rdf property	ods:Location	http://www.w3.org/2004/02/skos/core#exactMatch	dwc:stateProvince	State Province	rdf property	http://rs.tdwg.org/dwc/terms/Occurrence		https://orcid.org/0000-0002-5669-2769	https://dissco.eu	2025-10-10
dwc:county	County	rdf property	ods:Location	http://www.w3.org/2004/02/skos/core#exactMatch	dwc:county	County	rdf property	http://rs.tdwg.org/dwc/terms/Occurrence		https://orcid.org/0000-0002-5669-2769	https://dissco.eu	2025-10-10
dwc:municipality	Municipality	rdf property	ods:Location	http://www.w3.org/2004/02/skos/core#exactMatch	dwc:municipality	Municipality	rdf property	http://rs.tdwg.org/dwc/terms/Occurrence		https://orcid.org/0000-0002-5669-2769	https://dissco.eu	2025-10-10
dwc:locality	Locality	rdf property	ods:Location	http://www.w3.org/2004/02/skos/core#exactMatch	dwc:locality	Locality	rdf property	http://rs.tdwg.org/dwc/terms/Occurrence		https://orcid.org/0000-0002-5669-2769	https://dissco.eu	2025-10-10
dwc:minimumElevationInMeters	Minimum Elevation In Meters	rdf property	ods:Location	http://www.w3.org/2004/02/skos/core#exactMatch	dwc:minimumElevationInMeters	Minimum Elevation In Meters	rdf property	http://rs.tdwg.org/dwc/terms/Occurrence	"Tries to parse string to number with regex ""((-\\s?)?\\d+([.,]\\d+)?)\\s*m\\.?(eter)?(tr?.?)?(\\sm.?)?"""	https://orcid.org/0000-0002-5669-2769	https://dissco.eu	2025-10-10
dwc:higherGeography	Higher Geography	rdf property	ods:Location	http://www.w3.org/2004/02/skos/core#exactMatch	dwc:higherGeography	Higher Geography	rdf property	http://rs.tdwg.org/dwc/terms/Occurrence		https://orcid.org/0000-0002-5669-2769	https://dissco.eu	2025-10-10
dwc:maximumElevationInMeters	Maximum Elevation In Meters	rdf property	ods:Location	http://www.w3.org/2004/02/skos/core#exactMatch	dwc:maximumElevationInMeters	Maximum Elevation In Meters	rdf property	http://rs.tdwg.org/dwc/terms/Occurrence	"Tries to parse string to number with regex ""((-\\s?)?\\d+([.,]\\d+)?)\\s*m\\.?(eter)?(tr?.?)?(\\sm.?)?"""	https://orcid.org/0000-0002-5669-2769	https://dissco.eu	2025-10-10
dwc:verbatimElevation	Verbatim Elevation	rdf property	ods:Location	http://www.w3.org/2004/02/skos/core#exactMatch	dwc:verbatimElevation	Verbatim Elevation	rdf property	http://rs.tdwg.org/dwc/terms/Occurrence		https://orcid.org/0000-0002-5669-2769	https://dissco.eu	2025-10-10
dwc:minimumDistanceAboveSurfaceInMeters	Minimum Distance Above Surface In Meters	rdf property	ods:Location	http://www.w3.org/2004/02/skos/core#exactMatch	dwc:minimumDistanceAboveSurfaceInMeters	Minimum Distance Above Surface In Meters	rdf property	http://rs.tdwg.org/dwc/terms/Occurrence	"Tries to parse string to number with regex ""((-\\s?)?\\d+([.,]\\d+)?)\\s*m\\.?(eter)?(tr?.?)?(\\sm.?)?"""	https://orcid.org/0000-0002-5669-2769	https://dissco.eu	2025-10-10
dwc:maximumDistanceAboveSurfaceInMeters	Maximum Distance Above Surface In Meters	rdf property	ods:Location	http://www.w3.org/2004/02/skos/core#exactMatch	dwc:maximumDistanceAboveSurfaceInMeters	Maximum Distance Above Surface In Meters	rdf property	http://rs.tdwg.org/dwc/terms/Occurrence	"Tries to parse string to number with regex ""((-\\s?)?\\d+([.,]\\d+)?)\\s*m\\.?(eter)?(tr?.?)?(\\sm.?)?"""	https://orcid.org/0000-0002-5669-2769	https://dissco.eu	2025-10-10
dwc:minimumDepthInMeters	Minimum Depth In Meters	rdf property	ods:Location	http://www.w3.org/2004/02/skos/core#exactMatch	dwc:minimumDepthInMeters	Minimum Depth In Meters	rdf property	http://rs.tdwg.org/dwc/terms/Occurrence	"Tries to parse string to number with regex ""((-\\s?)?\\d+([.,]\\d+)?)\\s*m\\.?(eter)?(tr?.?)?(\\sm.?)?"""	https://orcid.org/0000-0002-5669-2769	https://dissco.eu	2025-10-10
dwc:maximumDepthInMeters	Maximum Depth In Meters	rdf property	ods:Location	http://www.w3.org/2004/02/skos/core#exactMatch	dwc:maximumDepthInMeters	Maximum Depth In Meters	rdf property	http://rs.tdwg.org/dwc/terms/Occurrence	"Tries to parse string to number with regex ""((-\\s?)?\\d+([.,]\\d+)?)\\s*m\\.?(eter)?(tr?.?)?(\\sm.?)?"""	https://orcid.org/0000-0002-5669-2769	https://dissco.eu	2025-10-10
dwc:verbatimDepth	Verbatim Depth	rdf property	ods:Location	http://www.w3.org/2004/02/skos/core#exactMatch	dwc:verbatimDepth	Verbatim Depth	rdf property	http://rs.tdwg.org/dwc/terms/Occurrence		https://orcid.org/0000-0002-5669-2769	https://dissco.eu	2025-10-10
dwc:verticalDatum	Vertical Datum	rdf property	ods:Location	http://www.w3.org/2004/02/skos/core#exactMatch	dwc:verticalDatum	Vertical Datum	rdf property	http://rs.tdwg.org/dwc/terms/Occurrence		https://orcid.org/0000-0002-5669-2769	https://dissco.eu	2025-10-10
dwc:locationAccordingTo	Location According To	rdf property	ods:Location	http://www.w3.org/2004/02/skos/core#exactMatch	dwc:locationAccordingTo	Location According To	rdf property	http://rs.tdwg.org/dwc/terms/Occurrence		https://orcid.org/0000-0002-5669-2769	https://dissco.eu	2025-10-10
dwc:locationRemarks	Location Remarks	rdf property	ods:Location	http://www.w3.org/2004/02/skos/core#exactMatch	dwc:locationRemarks	Location Remarks	rdf property	http://rs.tdwg.org/dwc/terms/Occurrence		https://orcid.org/0000-0002-5669-2769	https://dissco.eu	2025-10-10
dwc:verbatimCoordinates	Verbatim Coordinates	rdf property	ods:Georeference	http://www.w3.org/2004/02/skos/core#exactMatch	dwc:verbatimCoordinates	Verbatim Coordinates	rdf property	http://rs.tdwg.org/dwc/terms/Occurrence		https://orcid.org/0000-0002-5669-2769	https://dissco.eu	2025-10-10
dwc:verbatimLatitude	Verbatim Latitude	rdf property	ods:Georeference	http://www.w3.org/2004/02/skos/core#exactMatch	dwc:verbatimLatitude	Verbatim Latitude	rdf property	http://rs.tdwg.org/dwc/terms/Occurrence		https://orcid.org/0000-0002-5669-2769	https://dissco.eu	2025-10-10
dwc:decimalLongitude	Decimal Longitude	rdf property	ods:Georeference	http://www.w3.org/2004/02/skos/core#exactMatch	dwc:decimalLongitude	Decimal Longitude	rdf property	http://rs.tdwg.org/dwc/terms/Occurrence		https://orcid.org/0000-0002-5669-2769	https://dissco.eu	2025-10-10
dwc:verbatimLongitude	Verbatim Longitude	rdf property	ods:Georeference	http://www.w3.org/2004/02/skos/core#exactMatch	dwc:verbatimLongitude	Verbatim Longitude	rdf property	http://rs.tdwg.org/dwc/terms/Occurrence		https://orcid.org/0000-0002-5669-2769	https://dissco.eu	2025-10-10
dwc:verbatimCoordinateSystem	Verbatim Coordinate System	rdf property	ods:Georeference	http://www.w3.org/2004/02/skos/core#exactMatch	dwc:verbatimCoordinateSystem	Verbatim Coordinate System	rdf property	http://rs.tdwg.org/dwc/terms/Occurrence		https://orcid.org/0000-0002-5669-2769	https://dissco.eu	2025-10-10
dwc:geodeticDatum	Geodetic Datum	rdf property	ods:Georeference	http://www.w3.org/2004/02/skos/core#exactMatch	dwc:geodeticDatum	Geodetic Datum	rdf property	http://rs.tdwg.org/dwc/terms/Occurrence		https://orcid.org/0000-0002-5669-2769	https://dissco.eu	2025-10-10
dwc:coordinateUncertaintyInMeters	Coordinate Uncertainty In Meters	rdf property	ods:Georeference	http://www.w3.org/2004/02/skos/core#exactMatch	dwc:coordinateUncertaintyInMeters	Coordinate Uncertainty In Meters	rdf property	http://rs.tdwg.org/dwc/terms/Occurrence		https://orcid.org/0000-0002-5669-2769	https://dissco.eu	2025-10-10
dwc:coordinatePrecision	Coordinate Precision	rdf property	ods:Georeference	http://www.w3.org/2004/02/skos/core#exactMatch	dwc:coordinatePrecision	Coordinate Precision	rdf property	http://rs.tdwg.org/dwc/terms/Occurrence		https://orcid.org/0000-0002-5669-2769	https://dissco.eu	2025-10-10
dwc:pointRadiusSpatialFit	Point Radius Spatial Fit	rdf property	ods:Georeference	http://www.w3.org/2004/02/skos/core#exactMatch	dwc:pointRadiusSpatialFit	Point Radius Spatial Fit	rdf property	http://rs.tdwg.org/dwc/terms/Occurrence		https://orcid.org/0000-0002-5669-2769	https://dissco.eu	2025-10-10
dwc:footprintWKT	Footprint WKT	rdf property	ods:Georeference	http://www.w3.org/2004/02/skos/core#exactMatch	dwc:footprintWKT	Footprint WKT	rdf property	http://rs.tdwg.org/dwc/terms/Occurrence		https://orcid.org/0000-0002-5669-2769	https://dissco.eu	2025-10-10
dwc:footprintSRS	Footprint SRS	rdf property	ods:Georeference	http://www.w3.org/2004/02/skos/core#exactMatch	dwc:footprintSRS	Footprint SRS	rdf property	http://rs.tdwg.org/dwc/terms/Occurrence		https://orcid.org/0000-0002-5669-2769	https://dissco.eu	2025-10-10
dwc:verbatimSRS	Verbatim SRS	rdf property	ods:Georeference	http://www.w3.org/2004/02/skos/core#exactMatch	dwc:verbatimSRS	Verbatim SRS	rdf property	http://rs.tdwg.org/dwc/terms/Occurrence		https://orcid.org/0000-0002-5669-2769	https://dissco.eu	2025-10-10
dwc:footprintSpatialFit	Footprint Spatial Fit	rdf property	ods:Georeference	http://www.w3.org/2004/02/skos/core#exactMatch	dwc:footprintSpatialFit	Footprint Spatial Fit	rdf property	http://rs.tdwg.org/dwc/terms/Occurrence		https://orcid.org/0000-0002-5669-2769	https://dissco.eu	2025-10-10
dwc:GeoreferencedDate	Georeferenced Date	rdf property	ods:Georeference	http://www.w3.org/2004/02/skos/core#exactMatch	dwc:GeoreferencedDate	Georeferenced Date	rdf property	http://rs.tdwg.org/dwc/terms/Occurrence		https://orcid.org/0000-0002-5669-2769	https://dissco.eu	2025-10-10
dwc:GeoreferenceProtocol	Georeference Protocol	rdf property	ods:Georeference	http://www.w3.org/2004/02/skos/core#exactMatch	dwc:GeoreferenceProtocol	Georeference Protocol	rdf property	http://rs.tdwg.org/dwc/terms/Occurrence		https://orcid.org/0000-0002-5669-2769	https://dissco.eu	2025-10-10
dwc:GeoreferenceSources	Georeference Sources	rdf property	ods:Georeference	http://www.w3.org/2004/02/skos/core#exactMatch	dwc:GeoreferenceSources	Georeference Sources	rdf property	http://rs.tdwg.org/dwc/terms/Occurrence		https://orcid.org/0000-0002-5669-2769	https://dissco.eu	2025-10-10
dwc:GeoreferenceRemarks	Georeference Remarks	rdf property	ods:Georeference	http://www.w3.org/2004/02/skos/core#exactMatch	dwc:GeoreferenceRemarks	Georeference Remarks	rdf property	http://rs.tdwg.org/dwc/terms/Occurrence		https://orcid.org/0000-0002-5669-2769	https://dissco.eu	2025-10-10
dwc:earliestEonOrLowestEonothem	Earliest Eon Or Lowest Eonothem	rdf property	ods:GeologicalContext	http://www.w3.org/2004/02/skos/core#exactMatch	dwc:earliestEonOrLowestEonothem	Earliest Eon Or Lowest Eonothem	rdf property	http://rs.tdwg.org/dwc/terms/Occurrence		https://orcid.org/0000-0002-5669-2769	https://dissco.eu	2025-10-10
dwc:latestEonOrHighestEonothem	Latest Eon Or Highest Eonothem	rdf property	ods:GeologicalContext	http://www.w3.org/2004/02/skos/core#exactMatch	dwc:latestEonOrHighestEonothem	Latest Eon Or Highest Eonothem	rdf property	http://rs.tdwg.org/dwc/terms/Occurrence		https://orcid.org/0000-0002-5669-2769	https://dissco.eu	2025-10-10
dwc:earliestEraOrLowestErathem	Earliest Era Or Lowest Erathem	rdf property	ods:GeologicalContext	http://www.w3.org/2004/02/skos/core#exactMatch	dwc:earliestEraOrLowestErathem	Earliest Era Or Lowest Erathem	rdf property	http://rs.tdwg.org/dwc/terms/Occurrence		https://orcid.org/0000-0002-5669-2769	https://dissco.eu	2025-10-10
dwc:latestEraOrHighestErathem	Latest Era Or Highest Erathem	rdf property	ods:GeologicalContext	http://www.w3.org/2004/02/skos/core#exactMatch	dwc:latestEraOrHighestErathem	Latest Era Or Highest Erathem	rdf property	http://rs.tdwg.org/dwc/terms/Occurrence		https://orcid.org/0000-0002-5669-2769	https://dissco.eu	2025-10-10
dwc:earliestPeriodOrLowestSystem	Earliest Period Or Lowest System	rdf property	ods:GeologicalContext	http://www.w3.org/2004/02/skos/core#exactMatch	dwc:earliestPeriodOrLowestSystem	Earliest Period Or Lowest System	rdf property	http://rs.tdwg.org/dwc/terms/Occurrence		https://orcid.org/0000-0002-5669-2769	https://dissco.eu	2025-10-10
dwc:latestPeriodOrHighestSystem	Latest Period Or Highest System	rdf property	ods:GeologicalContext	http://www.w3.org/2004/02/skos/core#exactMatch	dwc:latestPeriodOrHighestSystem	Latest Period Or Highest System	rdf property	http://rs.tdwg.org/dwc/terms/Occurrence		https://orcid.org/0000-0002-5669-2769	https://dissco.eu	2025-10-10
dwc:earliestEpochOrLowestSeries	Earliest Epoch Or Lowest Series	rdf property	ods:GeologicalContext	http://www.w3.org/2004/02/skos/core#exactMatch	dwc:earliestEpochOrLowestSeries	Earliest Epoch Or Lowest Series	rdf property	http://rs.tdwg.org/dwc/terms/Occurrence		https://orcid.org/0000-0002-5669-2769	https://dissco.eu	2025-10-10
dwc:latestEpochOrHighestSeries	Latest Epoch Or Highest Series	rdf property	ods:GeologicalContext	http://www.w3.org/2004/02/skos/core#exactMatch	dwc:latestEpochOrHighestSeries	Latest Epoch Or Highest Series	rdf property	http://rs.tdwg.org/dwc/terms/Occurrence		https://orcid.org/0000-0002-5669-2769	https://dissco.eu	2025-10-10
dwc:earliestAgeOrLowestStage	Earliest Age Or Lowest Stage	rdf property	ods:GeologicalContext	http://www.w3.org/2004/02/skos/core#exactMatch	dwc:earliestAgeOrLowestStage	Earliest Age Or Lowest Stage	rdf property	http://rs.tdwg.org/dwc/terms/Occurrence		https://orcid.org/0000-0002-5669-2769	https://dissco.eu	2025-10-10
dwc:latestAgeOrHighestStage	Latest Age Or Highest Stage	rdf property	ods:GeologicalContext	http://www.w3.org/2004/02/skos/core#exactMatch	dwc:latestAgeOrHighestStage	Latest Age Or Highest Stage	rdf property	http://rs.tdwg.org/dwc/terms/Occurrence		https://orcid.org/0000-0002-5669-2769	https://dissco.eu	2025-10-10
dwc:lowestBiostratigraphicZone	Lowest Biostratigraphic Zone	rdf property	ods:GeologicalContext	http://www.w3.org/2004/02/skos/core#exactMatch	dwc:lowestBiostratigraphicZone	Lowest Biostratigraphic Zone	rdf property	http://rs.tdwg.org/dwc/terms/Occurrence		https://orcid.org/0000-0002-5669-2769	https://dissco.eu	2025-10-10
dwc:highestBiostratigraphicZone	Highest Biostratigraphic Zone	rdf property	ods:GeologicalContext	http://www.w3.org/2004/02/skos/core#exactMatch	dwc:highestBiostratigraphicZone	Highest Biostratigraphic Zone	rdf property	http://rs.tdwg.org/dwc/terms/Occurrence		https://orcid.org/0000-0002-5669-2769	https://dissco.eu	2025-10-10
dwc:lithostratigraphicTerms	Lithostratigraphic Terms	rdf property	ods:GeologicalContext	http://www.w3.org/2004/02/skos/core#exactMatch	dwc:lithostratigraphicTerms	Lithostratigraphic Terms	rdf property	http://rs.tdwg.org/dwc/terms/Occurrence		https://orcid.org/0000-0002-5669-2769	https://dissco.eu	2025-10-10
dwc:group	Group	rdf property	ods:GeologicalContext	http://www.w3.org/2004/02/skos/core#exactMatch	dwc:group	Group	rdf property	http://rs.tdwg.org/dwc/terms/Occurrence		https://orcid.org/0000-0002-5669-2769	https://dissco.eu	2025-10-10
dwc:formation	Formation	rdf property	ods:GeologicalContext	http://www.w3.org/2004/02/skos/core#exactMatch	dwc:formation	Formation	rdf property	http://rs.tdwg.org/dwc/terms/Occurrence		https://orcid.org/0000-0002-5669-2769	https://dissco.eu	2025-10-10
dwc:member	Member	rdf property	ods:GeologicalContext	http://www.w3.org/2004/02/skos/core#exactMatch	dwc:member	Member	rdf property	http://rs.tdwg.org/dwc/terms/Occurrence		https://orcid.org/0000-0002-5669-2769	https://dissco.eu	2025-10-10
dwc:bed	Bed	rdf property	ods:GeologicalContext	http://www.w3.org/2004/02/skos/core#exactMatch	dwc:bed	Bed	rdf property	http://rs.tdwg.org/dwc/terms/Occurrence		https://orcid.org/0000-0002-5669-2769	https://dissco.eu	2025-10-10
dwc:identificationID	Identification ID	rdf property	ods:Identification	http://www.w3.org/2004/02/skos/core#exactMatch	dwc:identificationID	Identification ID	rdf property	http://rs.tdwg.org/dwc/terms/Occurrence		https://orcid.org/0000-0002-5669-2769	https://dissco.eu	2025-10-10
dwc:identificationID	Identification ID	rdf property	ods:Identification	http://www.w3.org/2004/02/skos/core#exactMatch	dwc:identificationID	Identification ID	rdf property	http://rs.tdwg.org/dwc/terms/Identification		https://orcid.org/0000-0002-5669-2769	https://dissco.eu	2025-10-10
dwc:verbatimIdentification	Verbatim Identification	rdf property	ods:Identification	http://www.w3.org/2004/02/skos/core#exactMatch	dwc:verbatimIdentification	Verbatim Identification	rdf property	http://rs.tdwg.org/dwc/terms/Occurrence		https://orcid.org/0000-0002-5669-2769	https://dissco.eu	2025-10-10
dwc:verbatimIdentification	Verbatim Identification	rdf property	ods:Identification	http://www.w3.org/2004/02/skos/core#exactMatch	dwc:verbatimIdentification	Verbatim Identification	rdf property	http://rs.tdwg.org/dwc/terms/Identification		https://orcid.org/0000-0002-5669-2769	https://dissco.eu	2025-10-10
dwc:typeStatus	Type Status	rdf property	ods:Identification	http://www.w3.org/2004/02/skos/core#exactMatch	dwc:typeStatus	Type Status	rdf property	http://rs.tdwg.org/dwc/terms/Occurrence		https://orcid.org/0000-0002-5669-2769	https://dissco.eu	2025-10-10
dwc:typeStatus	Type Status	rdf property	ods:Identification	http://www.w3.org/2004/02/skos/core#exactMatch	dwc:typeStatus	Type Status	rdf property	http://rs.tdwg.org/dwc/terms/Identification		https://orcid.org/0000-0002-5669-2769	https://dissco.eu	2025-10-10
dwc:dateIdentified	Date Identified	rdf property	ods:Identification	http://www.w3.org/2004/02/skos/core#exactMatch	dwc:dateIdentified	Date Identified	rdf property	http://rs.tdwg.org/dwc/terms/Occurrence		https://orcid.org/0000-0002-5669-2769	https://dissco.eu	2025-10-10
dwc:dateIdentified	Date Identified	rdf property	ods:Identification	http://www.w3.org/2004/02/skos/core#exactMatch	dwc:dateIdentified	Date Identified	rdf property	http://rs.tdwg.org/dwc/terms/Identification		https://orcid.org/0000-0002-5669-2769	https://dissco.eu	2025-10-10
dwc:identificationRemarks	Identification Remarks	rdf property	ods:Identification	http://www.w3.org/2004/02/skos/core#exactMatch	dwc:identificationRemarks	Identification Remarks	rdf property	http://rs.tdwg.org/dwc/terms/Occurrence		https://orcid.org/0000-0002-5669-2769	https://dissco.eu	2025-10-10
dwc:identificationRemarks	Identification Remarks	rdf property	ods:Identification	http://www.w3.org/2004/02/skos/core#exactMatch	dwc:identificationRemarks	Identification Remarks	rdf property	http://rs.tdwg.org/dwc/terms/Identification		https://orcid.org/0000-0002-5669-2769	https://dissco.eu	2025-10-10
dwc:identificationQualifier	Identification Qualifier	rdf property	ods:Identification	http://www.w3.org/2004/02/skos/core#exactMatch	dwc:identificationQualifier	Identification Qualifier	rdf property	http://rs.tdwg.org/dwc/terms/Occurrence		https://orcid.org/0000-0002-5669-2769	https://dissco.eu	2025-10-10
dwc:identificationQualifier	Identification Qualifier	rdf property	ods:Identification	http://www.w3.org/2004/02/skos/core#exactMatch	dwc:identificationQualifier	Identification Qualifier	rdf property	http://rs.tdwg.org/dwc/terms/Identification		https://orcid.org/0000-0002-5669-2769	https://dissco.eu	2025-10-10
dwc:taxonID	Taxon ID	rdf property	ods:TaxonIdentification	http://www.w3.org/2004/02/skos/core#exactMatch	dwc:taxonID	Taxon ID	rdf property	http://rs.tdwg.org/dwc/terms/Occurrence		https://orcid.org/0000-0002-5669-2769	https://dissco.eu	2025-10-10
dwc:taxonID	Taxon ID	rdf property	ods:TaxonIdentification	http://www.w3.org/2004/02/skos/core#exactMatch	dwc:taxonID	Taxon ID	rdf property	http://rs.tdwg.org/dwc/terms/Identification		https://orcid.org/0000-0002-5669-2769	https://dissco.eu	2025-10-10
dwc:scientificName	Scientific Name	rdf property	ods:TaxonIdentification	http://www.w3.org/2004/02/skos/core#exactMatch	dwc:scientificName	Scientific Name	rdf property	http://rs.tdwg.org/dwc/terms/Occurrence		https://orcid.org/0000-0002-5669-2769	https://dissco.eu	2025-10-10
dwc:scientificName	Scientific Name	rdf property	ods:TaxonIdentification	http://www.w3.org/2004/02/skos/core#exactMatch	dwc:scientificName	Scientific Name	rdf property	http://rs.tdwg.org/dwc/terms/Identification		https://orcid.org/0000-0002-5669-2769	https://dissco.eu	2025-10-10
dwc:scientificNameID	Scientific Name ID	rdf property	ods:TaxonIdentification	http://www.w3.org/2004/02/skos/core#exactMatch	dwc:scientificNameID	Scientific Name ID	rdf property	http://rs.tdwg.org/dwc/terms/Occurrence		https://orcid.org/0000-0002-5669-2769	https://dissco.eu	2025-10-10
dwc:scientificNameID	Scientific Name ID	rdf property	ods:TaxonIdentification	http://www.w3.org/2004/02/skos/core#exactMatch	dwc:scientificNameID	Scientific Name ID	rdf property	http://rs.tdwg.org/dwc/terms/Identification		https://orcid.org/0000-0002-5669-2769	https://dissco.eu	2025-10-10
dwc:scientificNameAuthorship	Scientific Name Authorship	rdf property	ods:TaxonIdentification	http://www.w3.org/2004/02/skos/core#exactMatch	dwc:scientificNameAuthorship	Scientific Name Authorship	rdf property	http://rs.tdwg.org/dwc/terms/Occurrence		https://orcid.org/0000-0002-5669-2769	https://dissco.eu	2025-10-10
dwc:scientificNameAuthorship	Scientific Name Authorship	rdf property	ods:TaxonIdentification	http://www.w3.org/2004/02/skos/core#exactMatch	dwc:scientificNameAuthorship	Scientific Name Authorship	rdf property	http://rs.tdwg.org/dwc/terms/Identification		https://orcid.org/0000-0002-5669-2769	https://dissco.eu	2025-10-10
dwc:namePublishedInYear	Name Published In Year	rdf property	ods:TaxonIdentification	http://www.w3.org/2004/02/skos/core#exactMatch	dwc:namePublishedInYear	Name Published In Year	rdf property	http://rs.tdwg.org/dwc/terms/Occurrence		https://orcid.org/0000-0002-5669-2769	https://dissco.eu	2025-10-10
dwc:namePublishedInYear	Name Published In Year	rdf property	ods:TaxonIdentification	http://www.w3.org/2004/02/skos/core#exactMatch	dwc:namePublishedInYear	Name Published In Year	rdf property	http://rs.tdwg.org/dwc/terms/Identification		https://orcid.org/0000-0002-5669-2769	https://dissco.eu	2025-10-10
dwc:taxonRank	Taxon Rank	rdf property	ods:TaxonIdentification	http://www.w3.org/2004/02/skos/core#exactMatch	dwc:taxonRank	Taxon Rank	rdf property	http://rs.tdwg.org/dwc/terms/Occurrence		https://orcid.org/0000-0002-5669-2769	https://dissco.eu	2025-10-10
dwc:taxonRank	Taxon Rank	rdf property	ods:TaxonIdentification	http://www.w3.org/2004/02/skos/core#exactMatch	dwc:taxonRank	Taxon Rank	rdf property	http://rs.tdwg.org/dwc/terms/Identification		https://orcid.org/0000-0002-5669-2769	https://dissco.eu	2025-10-10
dwc:verbatimTaxonRank	Verbatim Taxon Rank	rdf property	ods:TaxonIdentification	http://www.w3.org/2004/02/skos/core#exactMatch	dwc:verbatimTaxonRank	Verbatim Taxon Rank	rdf property	http://rs.tdwg.org/dwc/terms/Occurrence		https://orcid.org/0000-0002-5669-2769	https://dissco.eu	2025-10-10
dwc:verbatimTaxonRank	Verbatim Taxon Rank	rdf property	ods:TaxonIdentification	http://www.w3.org/2004/02/skos/core#exactMatch	dwc:verbatimTaxonRank	Verbatim Taxon Rank	rdf property	http://rs.tdwg.org/dwc/terms/Identification		https://orcid.org/0000-0002-5669-2769	https://dissco.eu	2025-10-10
dwc:taxonRemarks	Taxon Remarks	rdf property	ods:TaxonIdentification	http://www.w3.org/2004/02/skos/core#exactMatch	dwc:taxonRemarks	Taxon Remarks	rdf property	http://rs.tdwg.org/dwc/terms/Occurrence		https://orcid.org/0000-0002-5669-2769	https://dissco.eu	2025-10-10
dwc:taxonRemarks	Taxon Remarks	rdf property	ods:TaxonIdentification	http://www.w3.org/2004/02/skos/core#exactMatch	dwc:taxonRemarks	Taxon Remarks	rdf property	http://rs.tdwg.org/dwc/terms/Identification		https://orcid.org/0000-0002-5669-2769	https://dissco.eu	2025-10-10
dwc:kingdom	Kingdom	rdf property	ods:TaxonIdentification	http://www.w3.org/2004/02/skos/core#exactMatch	dwc:kingdom	Kingdom	rdf property	http://rs.tdwg.org/dwc/terms/Occurrence		https://orcid.org/0000-0002-5669-2769	https://dissco.eu	2025-10-10
dwc:kingdom	Kingdom	rdf property	ods:TaxonIdentification	http://www.w3.org/2004/02/skos/core#exactMatch	dwc:kingdom	Kingdom	rdf property	http://rs.tdwg.org/dwc/terms/Identification		https://orcid.org/0000-0002-5669-2769	https://dissco.eu	2025-10-10
dwc:phylum	Phylum	rdf property	ods:TaxonIdentification	http://www.w3.org/2004/02/skos/core#exactMatch	dwc:phylum	Phylum	rdf property	http://rs.tdwg.org/dwc/terms/Occurrence		https://orcid.org/0000-0002-5669-2769	https://dissco.eu	2025-10-10
dwc:phylum	Phylum	rdf property	ods:TaxonIdentification	http://www.w3.org/2004/02/skos/core#exactMatch	dwc:phylum	Phylum	rdf property	http://rs.tdwg.org/dwc/terms/Identification		https://orcid.org/0000-0002-5669-2769	https://dissco.eu	2025-10-10
dwc:class	Class	rdf property	ods:TaxonIdentification	http://www.w3.org/2004/02/skos/core#exactMatch	dwc:class	Class	rdf property	http://rs.tdwg.org/dwc/terms/Occurrence		https://orcid.org/0000-0002-5669-2769	https://dissco.eu	2025-10-10
dwc:class	Class	rdf property	ods:TaxonIdentification	http://www.w3.org/2004/02/skos/core#exactMatch	dwc:class	Class	rdf property	http://rs.tdwg.org/dwc/terms/Identification		https://orcid.org/0000-0002-5669-2769	https://dissco.eu	2025-10-10
dwc:order	Order	rdf property	ods:TaxonIdentification	http://www.w3.org/2004/02/skos/core#exactMatch	dwc:order	Order	rdf property	http://rs.tdwg.org/dwc/terms/Occurrence		https://orcid.org/0000-0002-5669-2769	https://dissco.eu	2025-10-10
dwc:order	Order	rdf property	ods:TaxonIdentification	http://www.w3.org/2004/02/skos/core#exactMatch	dwc:order	Order	rdf property	http://rs.tdwg.org/dwc/terms/Identification		https://orcid.org/0000-0002-5669-2769	https://dissco.eu	2025-10-10
dwc:family	Family	rdf property	ods:TaxonIdentification	http://www.w3.org/2004/02/skos/core#exactMatch	dwc:family	Family	rdf property	http://rs.tdwg.org/dwc/terms/Occurrence		https://orcid.org/0000-0002-5669-2769	https://dissco.eu	2025-10-10
dwc:family	Family	rdf property	ods:TaxonIdentification	http://www.w3.org/2004/02/skos/core#exactMatch	dwc:family	Family	rdf property	http://rs.tdwg.org/dwc/terms/Identification		https://orcid.org/0000-0002-5669-2769	https://dissco.eu	2025-10-10
dwc:subfamily	Subfamily	rdf property	ods:TaxonIdentification	http://www.w3.org/2004/02/skos/core#exactMatch	dwc:subfamily	Subfamily	rdf property	http://rs.tdwg.org/dwc/terms/Occurrence		https://orcid.org/0000-0002-5669-2769	https://dissco.eu	2025-10-10
dwc:subfamily	Subfamily	rdf property	ods:TaxonIdentification	http://www.w3.org/2004/02/skos/core#exactMatch	dwc:subfamily	Subfamily	rdf property	http://rs.tdwg.org/dwc/terms/Identification		https://orcid.org/0000-0002-5669-2769	https://dissco.eu	2025-10-10
dwc:genus	Genus	rdf property	ods:TaxonIdentification	http://www.w3.org/2004/02/skos/core#exactMatch	dwc:genus	Genus	rdf property	http://rs.tdwg.org/dwc/terms/Occurrence		https://orcid.org/0000-0002-5669-2769	https://dissco.eu	2025-10-10
dwc:genus	Genus	rdf property	ods:TaxonIdentification	http://www.w3.org/2004/02/skos/core#exactMatch	dwc:genus	Genus	rdf property	http://rs.tdwg.org/dwc/terms/Identification		https://orcid.org/0000-0002-5669-2769	https://dissco.eu	2025-10-10
dwc:specificEpithet	Specific Epithet	rdf property	ods:TaxonIdentification	http://www.w3.org/2004/02/skos/core#exactMatch	dwc:specificEpithet	Specific Epithet	rdf property	http://rs.tdwg.org/dwc/terms/Occurrence		https://orcid.org/0000-0002-5669-2769	https://dissco.eu	2025-10-10
dwc:specificEpithet	Specific Epithet	rdf property	ods:TaxonIdentification	http://www.w3.org/2004/02/skos/core#exactMatch	dwc:specificEpithet	Specific Epithet	rdf property	http://rs.tdwg.org/dwc/terms/Identification		https://orcid.org/0000-0002-5669-2769	https://dissco.eu	2025-10-10
dwc:taxonomicStatus	Taxonomic Status	rdf property	ods:TaxonIdentification	http://www.w3.org/2004/02/skos/core#exactMatch	dwc:taxonomicStatus	Taxonomic Status	rdf property	http://rs.tdwg.org/dwc/terms/Occurrence		https://orcid.org/0000-0002-5669-2769	https://dissco.eu	2025-10-10
dwc:taxonomicStatus	Taxonomic Status	rdf property	ods:TaxonIdentification	http://www.w3.org/2004/02/skos/core#exactMatch	dwc:taxonomicStatus	Taxonomic Status	rdf property	http://rs.tdwg.org/dwc/terms/Identification		https://orcid.org/0000-0002-5669-2769	https://dissco.eu	2025-10-10
dwc:nomenclaturalCode	Nomenclatural Code	rdf property	ods:TaxonIdentification	http://www.w3.org/2004/02/skos/core#exactMatch	dwc:nomenclaturalCode	Nomenclatural Code	rdf property	http://rs.tdwg.org/dwc/terms/Occurrence		https://orcid.org/0000-0002-5669-2769	https://dissco.eu	2025-10-10
dwc:nomenclaturalCode	Nomenclatural Code	rdf property	ods:TaxonIdentification	http://www.w3.org/2004/02/skos/core#exactMatch	dwc:nomenclaturalCode	Nomenclatural Code	rdf property	http://rs.tdwg.org/dwc/terms/Identification		https://orcid.org/0000-0002-5669-2769	https://dissco.eu	2025-10-10
dwc:vernacularName	Vernacular Name	rdf property	ods:TaxonIdentification	http://www.w3.org/2004/02/skos/core#exactMatch	dwc:vernacularName	Vernacular Name	rdf property	http://rs.tdwg.org/dwc/terms/Occurrence		https://orcid.org/0000-0002-5669-2769	https://dissco.eu	2025-10-10
dwc:vernacularName	Vernacular Name	rdf property	ods:TaxonIdentification	http://www.w3.org/2004/02/skos/core#exactMatch	dwc:vernacularName	Vernacular Name	rdf property	http://rs.tdwg.org/dwc/terms/Identification		https://orcid.org/0000-0002-5669-2769	https://dissco.eu	2025-10-10
dwc:subgenus	Subgenus	rdf property	ods:TaxonIdentification	http://www.w3.org/2004/02/skos/core#exactMatch	dwc:subgenus	Subgenus	rdf property	http://rs.tdwg.org/dwc/terms/Occurrence		https://orcid.org/0000-0002-5669-2769	https://dissco.eu	2025-10-10
dwc:subgenus	Subgenus	rdf property	ods:TaxonIdentification	http://www.w3.org/2004/02/skos/core#exactMatch	dwc:subgenus	Subgenus	rdf property	http://rs.tdwg.org/dwc/terms/Identification		https://orcid.org/0000-0002-5669-2769	https://dissco.eu	2025-10-10
dwc:acceptedNameUsage	Accepted Name Usage	rdf property	ods:TaxonIdentification	http://www.w3.org/2004/02/skos/core#exactMatch	dwc:acceptedNameUsage	Accepted Name Usage	rdf property	http://rs.tdwg.org/dwc/terms/Occurrence		https://orcid.org/0000-0002-5669-2769	https://dissco.eu	2025-10-10
dwc:acceptedNameUsage	Accepted Name Usage	rdf property	ods:TaxonIdentification	http://www.w3.org/2004/02/skos/core#exactMatch	dwc:acceptedNameUsage	Accepted Name Usage	rdf property	http://rs.tdwg.org/dwc/terms/Identification		https://orcid.org/0000-0002-5669-2769	https://dissco.eu	2025-10-10
dwc:acceptedNameUsageID	Accepted Name Usage ID	rdf property	ods:TaxonIdentification	http://www.w3.org/2004/02/skos/core#exactMatch	dwc:acceptedNameUsageID	Accepted Name Usage ID	rdf property	http://rs.tdwg.org/dwc/terms/Occurrence		https://orcid.org/0000-0002-5669-2769	https://dissco.eu	2025-10-10
dwc:acceptedNameUsageID	Accepted Name Usage ID	rdf property	ods:TaxonIdentification	http://www.w3.org/2004/02/skos/core#exactMatch	dwc:acceptedNameUsageID	Accepted Name Usage ID	rdf property	http://rs.tdwg.org/dwc/terms/Identification		https://orcid.org/0000-0002-5669-2769	https://dissco.eu	2025-10-10
dwc:cultivarEpithet	Cultivar Epithet	rdf property	ods:TaxonIdentification	http://www.w3.org/2004/02/skos/core#exactMatch	dwc:cultivarEpithet	Cultivar Epithet	rdf property	http://rs.tdwg.org/dwc/terms/Occurrence		https://orcid.org/0000-0002-5669-2769	https://dissco.eu	2025-10-10
dwc:cultivarEpithet	Cultivar Epithet	rdf property	ods:TaxonIdentification	http://www.w3.org/2004/02/skos/core#exactMatch	dwc:cultivarEpithet	Cultivar Epithet	rdf property	http://rs.tdwg.org/dwc/terms/Identification		https://orcid.org/0000-0002-5669-2769	https://dissco.eu	2025-10-10
dwc:genericName	Generic Name	rdf property	ods:TaxonIdentification	http://www.w3.org/2004/02/skos/core#exactMatch	dwc:genericName	Generic Name	rdf property	http://rs.tdwg.org/dwc/terms/Occurrence		https://orcid.org/0000-0002-5669-2769	https://dissco.eu	2025-10-10
dwc:genericName	Generic Name	rdf property	ods:TaxonIdentification	http://www.w3.org/2004/02/skos/core#exactMatch	dwc:genericName	Generic Name	rdf property	http://rs.tdwg.org/dwc/terms/Identification		https://orcid.org/0000-0002-5669-2769	https://dissco.eu	2025-10-10
dwc:infragenericEpithet	Infrageneric Epithet	rdf property	ods:TaxonIdentification	http://www.w3.org/2004/02/skos/core#exactMatch	dwc:infragenericEpithet	Infrageneric Epithet	rdf property	http://rs.tdwg.org/dwc/terms/Occurrence		https://orcid.org/0000-0002-5669-2769	https://dissco.eu	2025-10-10
dwc:infragenericEpithet	Infrageneric Epithet	rdf property	ods:TaxonIdentification	http://www.w3.org/2004/02/skos/core#exactMatch	dwc:infragenericEpithet	Infrageneric Epithet	rdf property	http://rs.tdwg.org/dwc/terms/Identification		https://orcid.org/0000-0002-5669-2769	https://dissco.eu	2025-10-10
dwc:infraspecificEpithet	Infraspecific Epithet	rdf property	ods:TaxonIdentification	http://www.w3.org/2004/02/skos/core#exactMatch	dwc:infraspecificEpithet	Infraspecific Epithet	rdf property	http://rs.tdwg.org/dwc/terms/Occurrence		https://orcid.org/0000-0002-5669-2769	https://dissco.eu	2025-10-10
dwc:infraspecificEpithet	Infraspecific Epithet	rdf property	ods:TaxonIdentification	http://www.w3.org/2004/02/skos/core#exactMatch	dwc:infraspecificEpithet	Infraspecific Epithet	rdf property	http://rs.tdwg.org/dwc/terms/Identification		https://orcid.org/0000-0002-5669-2769	https://dissco.eu	2025-10-10
dwc:nomenclaturalStatus	Nomenclatural Status	rdf property	ods:TaxonIdentification	http://www.w3.org/2004/02/skos/core#exactMatch	dwc:nomenclaturalStatus	Nomenclatural Status	rdf property	http://rs.tdwg.org/dwc/terms/Occurrence		https://orcid.org/0000-0002-5669-2769	https://dissco.eu	2025-10-10
dwc:nomenclaturalStatus	Nomenclatural Status	rdf property	ods:TaxonIdentification	http://www.w3.org/2004/02/skos/core#exactMatch	dwc:nomenclaturalStatus	Nomenclatural Status	rdf property	http://rs.tdwg.org/dwc/terms/Identification		https://orcid.org/0000-0002-5669-2769	https://dissco.eu	2025-10-10
dwc:originalNameUsage	Original Name Usage	rdf property	ods:TaxonIdentification	http://www.w3.org/2004/02/skos/core#exactMatch	dwc:originalNameUsage	Original Name Usage	rdf property	http://rs.tdwg.org/dwc/terms/Occurrence		https://orcid.org/0000-0002-5669-2769	https://dissco.eu	2025-10-10
dwc:originalNameUsage	Original Name Usage	rdf property	ods:TaxonIdentification	http://www.w3.org/2004/02/skos/core#exactMatch	dwc:originalNameUsage	Original Name Usage	rdf property	http://rs.tdwg.org/dwc/terms/Identification		https://orcid.org/0000-0002-5669-2769	https://dissco.eu	2025-10-10
dwc:subtribe	Subtribe	rdf property	ods:TaxonIdentification	http://www.w3.org/2004/02/skos/core#exactMatch	dwc:subtribe	Subtribe	rdf property	http://rs.tdwg.org/dwc/terms/Occurrence		https://orcid.org/0000-0002-5669-2769	https://dissco.eu	2025-10-10
dwc:subtribe	Subtribe	rdf property	ods:TaxonIdentification	http://www.w3.org/2004/02/skos/core#exactMatch	dwc:subtribe	Subtribe	rdf property	http://rs.tdwg.org/dwc/terms/Identification		https://orcid.org/0000-0002-5669-2769	https://dissco.eu	2025-10-10
dwc:superfamily	Superfamily	rdf property	ods:TaxonIdentification	http://www.w3.org/2004/02/skos/core#exactMatch	dwc:superfamily	Superfamily	rdf property	http://rs.tdwg.org/dwc/terms/Occurrence		https://orcid.org/0000-0002-5669-2769	https://dissco.eu	2025-10-10
dwc:superfamily	Superfamily	rdf property	ods:TaxonIdentification	http://www.w3.org/2004/02/skos/core#exactMatch	dwc:superfamily	Superfamily	rdf property	http://rs.tdwg.org/dwc/terms/Identification		https://orcid.org/0000-0002-5669-2769	https://dissco.eu	2025-10-10
dwc:tribe	Tribe	rdf property	ods:TaxonIdentification	http://www.w3.org/2004/02/skos/core#exactMatch	dwc:tribe	Tribe	rdf property	http://rs.tdwg.org/dwc/terms/Occurrence		https://orcid.org/0000-0002-5669-2769	https://dissco.eu	2025-10-10
dwc:tribe	Tribe	rdf property	ods:TaxonIdentification	http://www.w3.org/2004/02/skos/core#exactMatch	dwc:tribe	Tribe	rdf property	http://rs.tdwg.org/dwc/terms/Identification				2025-10-10
chrono:chronometricAgeID	Chronometric Age ID	rdf property	ods:ChronometricAge	http://www.w3.org/2004/02/skos/core#exactMatch	chrono:chronometricAgeID	Chronometric Age ID	rdf property	http://rs.tdwg.org/chrono/terms/ChronometricAge		https://orcid.org/0000-0002-5669-2769	https://dissco.eu	2025-10-10
chrono:verbatimChronometricAge	Verbatim Chronometric Age	rdf property	ods:ChronometricAge	http://www.w3.org/2004/02/skos/core#exactMatch	chrono:verbatimChronometricAge	Verbatim Chronometric Age	rdf property	http://rs.tdwg.org/chrono/terms/ChronometricAge		https://orcid.org/0000-0002-5669-2769	https://dissco.eu	2025-10-10
chrono:uncalibratedChronometricAge	Uncalibrated Chronometric Age	rdf property	ods:ChronometricAge	http://www.w3.org/2004/02/skos/core#exactMatch	chrono:uncalibratedChronometricAge	Uncalibrated Chronometric Age	rdf property	http://rs.tdwg.org/chrono/terms/ChronometricAge		https://orcid.org/0000-0002-5669-2769	https://dissco.eu	2025-10-10
chrono:chronometricAgeConversionProtocol	Chronometric Age Conversion Protocol	rdf property	ods:ChronometricAge	http://www.w3.org/2004/02/skos/core#exactMatch	chrono:chronometricAgeConversionProtocol	Chronometric Age Conversion Protocol	rdf property	http://rs.tdwg.org/chrono/terms/ChronometricAge		https://orcid.org/0000-0002-5669-2769	https://dissco.eu	2025-10-10
chrono:earliestChronometricAge	Earliest Chronometric Age	rdf property	ods:ChronometricAge	http://www.w3.org/2004/02/skos/core#exactMatch	chrono:earliestChronometricAge	Earliest Chronometric Age	rdf property	http://rs.tdwg.org/chrono/terms/ChronometricAge		https://orcid.org/0000-0002-5669-2769	https://dissco.eu	2025-10-10
chrono:earliestChronometricAgeReferenceSystem	Earliest Chronometric Age Reference System	rdf property	ods:ChronometricAge	http://www.w3.org/2004/02/skos/core#exactMatch	chrono:earliestChronometricAgeReferenceSystem	Earliest Chronometric Age Reference System	rdf property	http://rs.tdwg.org/chrono/terms/ChronometricAge		https://orcid.org/0000-0002-5669-2769	https://dissco.eu	2025-10-10
chrono:latestChronometricAge	Latest Chronometric Age	rdf property	ods:ChronometricAge	http://www.w3.org/2004/02/skos/core#exactMatch	chrono:latestChronometricAge	Latest Chronometric Age	rdf property	http://rs.tdwg.org/chrono/terms/ChronometricAge		https://orcid.org/0000-0002-5669-2769	https://dissco.eu	2025-10-10
chrono:latestChronometricAgeReferenceSystem	Latest Chronometric Age Reference System	rdf property	ods:ChronometricAge	http://www.w3.org/2004/02/skos/core#exactMatch	chrono:latestChronometricAgeReferenceSystem	Latest Chronometric Age Reference System	rdf property	http://rs.tdwg.org/chrono/terms/ChronometricAge		https://orcid.org/0000-0002-5669-2769	https://dissco.eu	2025-10-10
chrono:chronometricAgeProtocol	Chronometric Age Protocol	rdf property	ods:ChronometricAge	http://www.w3.org/2004/02/skos/core#exactMatch	chrono:chronometricAgeProtocol	Chronometric Age Protocol	rdf property	http://rs.tdwg.org/chrono/terms/ChronometricAge		https://orcid.org/0000-0002-5669-2769	https://dissco.eu	2025-10-10
chrono:chronometricAgeUncertaintyInYears	Chronometric Age Uncertainty In Years	rdf property	ods:ChronometricAge	http://www.w3.org/2004/02/skos/core#exactMatch	chrono:chronometricAgeUncertaintyInYears	Chronometric Age Uncertainty In Years	rdf property	http://rs.tdwg.org/chrono/terms/ChronometricAge		https://orcid.org/0000-0002-5669-2769	https://dissco.eu	2025-10-10
chrono:chronometricAgeUncertaintyMethod	Chronometric Age Uncertainty Method	rdf property	ods:ChronometricAge	http://www.w3.org/2004/02/skos/core#exactMatch	chrono:chronometricAgeUncertaintyMethod	Chronometric Age Uncertainty Method	rdf property	http://rs.tdwg.org/chrono/terms/ChronometricAge		https://orcid.org/0000-0002-5669-2769	https://dissco.eu	2025-10-10
chrono:materialDated	Material Dated	rdf property	ods:ChronometricAge	http://www.w3.org/2004/02/skos/core#exactMatch	chrono:materialDated	Material Dated	rdf property	http://rs.tdwg.org/chrono/terms/ChronometricAge		https://orcid.org/0000-0002-5669-2769	https://dissco.eu	2025-10-10
chrono:materialDatedID	Material Dated ID	rdf property	ods:ChronometricAge	http://www.w3.org/2004/02/skos/core#exactMatch	chrono:materialDatedID	Material Dated ID	rdf property	http://rs.tdwg.org/chrono/terms/ChronometricAge		https://orcid.org/0000-0002-5669-2769	https://dissco.eu	2025-10-10
chrono:materialDatedRelationship	Material Dated Relationship	rdf property	ods:ChronometricAge	http://www.w3.org/2004/02/skos/core#exactMatch	chrono:materialDatedRelationship	Material Dated Relationship	rdf property	http://rs.tdwg.org/chrono/terms/ChronometricAge		https://orcid.org/0000-0002-5669-2769	https://dissco.eu	2025-10-10
chrono:chronometricAgeDeterminedDate	Chronometric Age Determined Date	rdf property	ods:ChronometricAge	http://www.w3.org/2004/02/skos/core#exactMatch	chrono:chronometricAgeDeterminedDate	Chronometric Age Determined Date	rdf property	http://rs.tdwg.org/chrono/terms/ChronometricAge		https://orcid.org/0000-0002-5669-2769	https://dissco.eu	2025-10-10
chrono:chronometricAgeReferences	Chronometric Age References	rdf property	ods:ChronometricAge	http://www.w3.org/2004/02/skos/core#exactMatch	chrono:chronometricAgeReferences	Chronometric Age References	rdf property	http://rs.tdwg.org/chrono/terms/ChronometricAge		https://orcid.org/0000-0002-5669-2769	https://dissco.eu	2025-10-10
chrono:chronometricAgeRemarks	Chronometric Age Remarks	rdf property	ods:ChronometricAge	http://www.w3.org/2004/02/skos/core#exactMatch	chrono:chronometricAgeRemarks	Chronometric Age Remarks	rdf property	http://rs.tdwg.org/chrono/terms/ChronometricAge		https://orcid.org/0000-0002-5669-2769	https://dissco.eu	2025-10-10
dcterms:identifier	Identifier	rdf property	ods:Identifier	http://www.w3.org/2004/02/skos/core#exactMatch	dcterms:identifier	Identifier	rdf property	http://rs.gbif.org/terms/1.0/Identifier		https://orcid.org/0000-0002-5669-2769	https://dissco.eu	2025-10-10
dcterms:identifier	Identifier	rdf property	ods:Identifier	http://www.w3.org/2004/02/skos/core#broadMatch	dwc:occurrenceID	Occurrence ID	rdf property	http://rs.tdwg.org/dwc/terms/Occurrence		https://orcid.org/0000-0002-5669-2769	https://dissco.eu	2025-10-10
dcterms:identifier	Identifier	rdf property	ods:Identifier	http://www.w3.org/2004/02/skos/core#broadMatch	dwca:ID	ID	rdf property	http://rs.tdwg.org/dwc/terms/Occurrence		https://orcid.org/0000-0002-5669-2769	https://dissco.eu	2025-10-10
dcterms:identifier	Identifier	rdf property	ods:Identifier	http://www.w3.org/2004/02/skos/core#broadMatch	dwc:catalogNumber	Catalog Number	rdf property	http://rs.tdwg.org/dwc/terms/Occurrence		https://orcid.org/0000-0002-5669-2769	https://dissco.eu	2025-10-10
dcterms:identifier	Identifier	rdf property	ods:Identifier	http://www.w3.org/2004/02/skos/core#broadMatch	dwc:otherCatalogNumbers	Other Catalog Numbers	rdf property	http://rs.tdwg.org/dwc/terms/Occurrence		https://orcid.org/0000-0002-5669-2769	https://dissco.eu	2025-10-10
dcterms:identifier	Identifier	rdf property	ods:Identifier	http://www.w3.org/2004/02/skos/core#broadMatch	dcterms:identifier	Identifier	rdf property	http://rs.tdwg.org/ac/terms/Multimedia		https://orcid.org/0000-0002-5669-2769	https://dissco.eu	2025-10-10
dcterms:identifier	Identifier	rdf property	ods:Identifier	http://www.w3.org/2004/02/skos/core#broadMatch	dwc:materialEntityID	Material Entity ID	rdf property	http://rs.tdwg.org/dwc/terms/Occurrence		https://orcid.org/0000-0002-5669-2769	https://dissco.eu	2025-10-10
dcterms:title	Title	rdf property	ods:Identifier	http://www.w3.org/2004/02/skos/core#exactMatch	dcterms:title	Title	rdf property	http://rs.gbif.org/terms/1.0/Identifier	"The name of the identifier term, for example ""dwc:catalogNumber"""	https://orcid.org/0000-0002-5669-2769	https://dissco.eu	2025-10-10
dcterms:format	Format	rdf property	ods:Identifier	http://www.w3.org/2004/02/skos/core#exactMatch	dcterms:format	Format	rdf property	http://rs.gbif.org/terms/1.0/Identifier		https://orcid.org/0000-0002-5669-2769	https://dissco.eu	2025-10-10
dcterms:subject	Subject	rdf property	ods:Identifier	http://www.w3.org/2004/02/skos/core#exactMatch	dcterms:subject	Subject	rdf property	http://rs.gbif.org/terms/1.0/Identifier		https://orcid.org/0000-0002-5669-2769	https://dissco.eu	2025-10-10
dcterms:identifier	Identifier	rdf property	ods:Citation	http://www.w3.org/2004/02/skos/core#exactMatch	dcterms:identifier	Identifier	rdf property	http://rs.gbif.org/terms/1.0/Reference		https://orcid.org/0000-0002-5669-2769	https://dissco.eu	2025-10-10
dcterms:type	Type	rdf property	ods:Citation	http://www.w3.org/2004/02/skos/core#exactMatch	dcterms:type	Type	rdf property	http://rs.gbif.org/terms/1.0/Reference		https://orcid.org/0000-0002-5669-2769	https://dissco.eu	2025-10-10
dcterms:date	Date	rdf property	ods:Citation	http://www.w3.org/2004/02/skos/core#exactMatch	dcterms:date	Date	rdf property	http://rs.gbif.org/terms/1.0/Reference		https://orcid.org/0000-0002-5669-2769	https://dissco.eu	2025-10-10
dcterms:title	Title	rdf property	ods:Citation	http://www.w3.org/2004/02/skos/core#exactMatch	dcterms:title	Title	rdf property	http://rs.gbif.org/terms/1.0/Reference		https://orcid.org/0000-0002-5669-2769	https://dissco.eu	2025-10-10
dcterms:description	Description	rdf property	ods:Citation	http://www.w3.org/2004/02/skos/core#exactMatch	dcterms:description	Description	rdf property	http://rs.gbif.org/terms/1.0/Reference		https://orcid.org/0000-0002-5669-2769	https://dissco.eu	2025-10-10
dcterms:bibliographicCitation	Bibliographic Citation	rdf property	ods:Citation	http://www.w3.org/2004/02/skos/core#exactMatch	dcterms:bibliographicCitation	Bibliographic Citation	rdf property	http://rs.gbif.org/terms/1.0/Reference		https://orcid.org/0000-0002-5669-2769	https://dissco.eu	2025-10-10
@id	ID	rdf property	ods:Assertion	http://www.w3.org/2004/02/skos/core#exactMatch	dwc:measurementID	Measurement ID	rdf property	http://rs.tdwg.org/dwc/terms/MeasurementOrFact		https://orcid.org/0000-0002-5669-2769	https://dissco.eu	2025-10-10
@id	ID	rdf property	ods:Assertion	http://www.w3.org/2004/02/skos/core#exactMatch	dwc:measurementID	Measurement ID	rdf property	http://rs.iobis.org/obis/terms/ExtendedMeasurementOrFact		https://orcid.org/0000-0002-5669-2769	https://dissco.eu	2025-10-10
dwc:measurementID	Measurement ID	rdf property	ods:Assertion	http://www.w3.org/2004/02/skos/core#exactMatch	dwc:measurementID	Measurement ID	rdf property	http://rs.tdwg.org/dwc/terms/MeasurementOrFact		https://orcid.org/0000-0002-5669-2769	https://dissco.eu	2025-10-10
dwc:parentMeasurementID	Parent Measurement ID	rdf property	ods:Assertion	http://www.w3.org/2004/02/skos/core#exactMatch	dwc:parentMeasurementID	Parent Measurement ID	rdf property	http://rs.tdwg.org/dwc/terms/MeasurementOrFact		https://orcid.org/0000-0002-5669-2769	https://dissco.eu	2025-10-10
dwc:measurementType	Measurement Type	rdf property	ods:Assertion	http://www.w3.org/2004/02/skos/core#exactMatch	dwc:measurementType	Measurement Type	rdf property	http://rs.tdwg.org/dwc/terms/MeasurementOrFact		https://orcid.org/0000-0002-5669-2769	https://dissco.eu	2025-10-10
dwc:measurementType	Measurement Type	rdf property	ods:Assertion	http://www.w3.org/2004/02/skos/core#exactMatch	dwc:measurementType	Measurement Type	rdf property	http://rs.iobis.org/obis/terms/ExtendedMeasurementOrFact		https://orcid.org/0000-0002-5669-2769	https://dissco.eu	2025-10-10
dwciri:measurementType	Measurement Type IRI	rdf property	ods:Assertion	http://www.w3.org/2004/02/skos/core#exactMatch	dwciri:measurementType	Measurement Type	rdf property					2025-10-10
dwciri:measurementType	Measurement Type IRI	rdf property	ods:Assertion	http://www.w3.org/2004/02/skos/core#exactMatch	obis:measurementTypeID	Measurement Type ID	rdf property	http://rs.iobis.org/obis/terms/ExtendedMeasurementOrFact		https://orcid.org/0000-0002-5669-2769	https://dissco.eu	2025-10-10
dwc:measurementDeterminedDate	Measurement Determined Date	rdf property	ods:Assertion	http://www.w3.org/2004/02/skos/core#exactMatch	dwc:measurementDeterminedDate	Measurement Determined Date	rdf property	http://rs.tdwg.org/dwc/terms/MeasurementOrFact		https://orcid.org/0000-0002-5669-2769	https://dissco.eu	2025-10-10
dwc:measurementDeterminedDate	Measurement Determined Date	rdf property	ods:Assertion	http://www.w3.org/2004/02/skos/core#exactMatch	dwc:measurementDeterminedDate	Measurement Determined Date	rdf property	http://rs.iobis.org/obis/terms/ExtendedMeasurementOrFact		https://orcid.org/0000-0002-5669-2769	https://dissco.eu	2025-10-10
dwc:measurementValue	Measurement Value	rdf property	ods:Assertion	http://www.w3.org/2004/02/skos/core#exactMatch	dwc:measurementValue	Measurement Value	rdf property	http://rs.tdwg.org/dwc/terms/MeasurementOrFact		https://orcid.org/0000-0002-5669-2769	https://dissco.eu	2025-10-10
dwc:measurementValue	Measurement Value	rdf property	ods:Assertion	http://www.w3.org/2004/02/skos/core#exactMatch	dwc:measurementValue	Measurement Value	rdf property	http://rs.iobis.org/obis/terms/ExtendedMeasurementOrFact		https://orcid.org/0000-0002-5669-2769	https://dissco.eu	2025-10-10
dwciri:measurementValue	Measurement Value IRI	rdf property	ods:Assertion	http://www.w3.org/2004/02/skos/core#exactMatch	obis:measurementValueID	Measurement Value ID	rdf property	http://rs.iobis.org/obis/terms/ExtendedMeasurementOrFact		https://orcid.org/0000-0002-5669-2769	https://dissco.eu	2025-10-10
dwc:measurementAccuracy	Measurement Accuracy	rdf property	ods:Assertion	http://www.w3.org/2004/02/skos/core#exactMatch	dwc:measurementAccuracy	Measurement Accuracy	rdf property	http://rs.iobis.org/obis/terms/ExtendedMeasurementOrFact		https://orcid.org/0000-0002-5669-2769	https://dissco.eu	2025-10-10
dwc:measurementUnit	Measurement Unit	rdf property	ods:Assertion	http://www.w3.org/2004/02/skos/core#exactMatch	dwc:measurementUnit	Measurement Unit	rdf property	http://rs.tdwg.org/dwc/terms/MeasurementOrFact		https://orcid.org/0000-0002-5669-2769	https://dissco.eu	2025-10-10
dwciri:measurementUnit	Measurement Unit IRI	rdf property	ods:Assertion	http://www.w3.org/2004/02/skos/core#exactMatch	dwciri:measurementUnit	Measurement Unit	rdf property	http://rs.iobis.org/obis/terms/ExtendedMeasurementOrFact		https://orcid.org/0000-0002-5669-2769	https://dissco.eu	2025-10-10
dwciri:measurementUnit	Measurement Unit IRI	rdf property	ods:Assertion	http://www.w3.org/2004/02/skos/core#exactMatch	obis:measurementUnitID	Measurement Unit ID	rdf property	http://rs.iobis.org/obis/terms/ExtendedMeasurementOrFact		https://orcid.org/0000-0002-5669-2769	https://dissco.eu	2025-10-10
dwc:measurementMethod	Measurement Method	rdf property	ods:Assertion	http://www.w3.org/2004/02/skos/core#exactMatch	dwc:measurementMethod	Measurement Method	rdf property	http://rs.tdwg.org/dwc/terms/MeasurementOrFact		https://orcid.org/0000-0002-5669-2769	https://dissco.eu	2025-10-10
dwc:measurementMethod	Measurement Method	rdf property	ods:Assertion	http://www.w3.org/2004/02/skos/core#exactMatch	dwc:measurementMethod	Measurement Method	rdf property	http://rs.iobis.org/obis/terms/ExtendedMeasurementOrFact		https://orcid.org/0000-0002-5669-2769	https://dissco.eu	2025-10-10
dwc:measurementRemarks	Measurement Remarks	rdf property	ods:Assertion	http://www.w3.org/2004/02/skos/core#exactMatch	dwc:measurementRemarks	Measurement Remarks	rdf property	http://rs.tdwg.org/dwc/terms/MeasurementOrFact		https://orcid.org/0000-0002-5669-2769	https://dissco.eu	2025-10-10
dwc:measurementRemarks	Measurement Remarks	rdf property	ods:Assertion	http://www.w3.org/2004/02/skos/core#exactMatch	dwc:measurementRemarks	Measurement Remarks	rdf property	http://rs.iobis.org/obis/terms/ExtendedMeasurementOrFact		https://orcid.org/0000-0002-5669-2769	https://dissco.eu	2025-10-10
schema:identifier	Identifier	rdf property	ods:Agent	http://www.w3.org/2004/02/skos/core#broadMatch	dwc:identifiedByID	Identified By ID	rdf property	http://rs.tdwg.org/dwc/terms/Occurrence	String is split based on the & or | characters	https://orcid.org/0000-0002-5669-2769	https://dissco.eu	2025-10-10
schema:identifier	Identifier	rdf property	ods:Agent	http://www.w3.org/2004/02/skos/core#broadMatch	dwc:recordedByID	Recorded By ID	rdf property	http://rs.tdwg.org/dwc/terms/Occurrence	String is split based on the & or | characters	https://orcid.org/0000-0002-5669-2769	https://dissco.eu	2025-10-10
schema:identifier	Identifier	rdf property	ods:Agent	http://www.w3.org/2004/02/skos/core#broadMatch	dc:creator	Creator	rdf property	http://rs.tdwg.org/ac/terms/Multimedia	String is split based on the & or | characters	https://orcid.org/0000-0002-5669-2769	https://dissco.eu	2025-10-10
schema:name	Name	rdf property	ods:Agent	http://www.w3.org/2004/02/skos/core#broadMatch	dwc:identifiedBy	Identified By	rdf property	http://rs.tdwg.org/dwc/terms/Occurrence	String is split based on the & or | characters	https://orcid.org/0000-0002-5669-2769	https://dissco.eu	2025-10-10
schema:name	Name	rdf property	ods:Agent	http://www.w3.org/2004/02/skos/core#broadMatch	dwc:georeferencedBy	Georeferenced By	rdf property	http://rs.tdwg.org/dwc/terms/Occurrence	String is split based on the & or | characters	https://orcid.org/0000-0002-5669-2769	https://dissco.eu	2025-10-10
schema:name	Name	rdf property	ods:Agent	http://www.w3.org/2004/02/skos/core#broadMatch	dwc:recordedBy	Recorded By	rdf property	http://rs.tdwg.org/chrono/terms/ChronometricAge	String is split based on the & or | characters	https://orcid.org/0000-0002-5669-2769	https://dissco.eu	2025-10-10
schema:name	Name	rdf property	ods:Agent	http://www.w3.org/2004/02/skos/core#broadMatch	dwc:chronometricAgeDeterminedBy	Chronometric Age Determined By	rdf property	http://rs.tdwg.org/chrono/terms/ChronometricAge	String is split based on the & or | characters	https://orcid.org/0000-0002-5669-2769	https://dissco.eu	2025-10-10
schema:name	Name	rdf property	ods:Agent	http://www.w3.org/2004/02/skos/core#broadMatch	dcterms:creator	Creator	rdf property	http://rs.tdwg.org/ac/terms/Multimedia	String is split based on the & or | characters	https://orcid.org/0000-0002-5669-2769	https://dissco.eu	2025-10-10
schema:name	Name	rdf property	ods:Agent	http://www.w3.org/2004/02/skos/core#broadMatch	dcterms:creator	Creator	rdf property	http://rs.gbif.org/terms/1.0/Multimedia	String is split based on the & or | characters	https://orcid.org/0000-0002-5669-2769	https://dissco.eu	2025-10-10
schema:name	Name	rdf property	ods:Agent	http://www.w3.org/2004/02/skos/core#broadMatch	dwc:measurementDeterminedBy	Measurement Determined By	rdf property	http://rs.tdwg.org/dwc/terms/MeasurementOrFact	String is split based on the & or | characters	https://orcid.org/0000-0002-5669-2769	https://dissco.eu	2025-10-10
schema:name	Name	rdf property	ods:Agent	http://www.w3.org/2004/02/skos/core#broadMatch	dwc:measurementDeterminedBy	Measurement Determined By	rdf property	http://rs.iobis.org/obis/terms/ExtendedMeasurementOrFact	String is split based on the & or | characters	https://orcid.org/0000-0002-5669-2769	https://dissco.eu	2025-10-10
dcterms:type	Type	rdf property	ods:DigitalMedia	http://www.w3.org/2004/02/skos/core#exactMatch	dcterms:type	Type	rdf property	http://rs.tdwg.org/ac/terms/Multimedia		https://orcid.org/0000-0002-5669-2769	https://dissco.eu	2025-10-10
dcterms:type	Type	rdf property	ods:DigitalMedia	http://www.w3.org/2004/02/skos/core#exactMatch	dcterms:type	Type	rdf property	http://rs.gbif.org/terms/1.0/Multimedia		https://orcid.org/0000-0002-5669-2769	https://dissco.eu	2025-10-10
ac:accessURI	Access URI	rdf property	ods:DigitalMedia	http://www.w3.org/2004/02/skos/core#narrowMatch	dwc:associatedMedia	Associated Media	rdf property	http://rs.tdwg.org/dwc/terms/Occurrence	String is split based on the | character	https://orcid.org/0000-0002-5669-2769	https://dissco.eu	2025-10-10
ac:accessURI	Access URI	rdf property	ods:DigitalMedia	http://www.w3.org/2004/02/skos/core#narrowMatch	dcterms:identifier	Identifier	rdf property	http://rs.tdwg.org/ac/terms/Multimedia		https://orcid.org/0000-0002-5669-2769	https://dissco.eu	2025-10-10
ac:accessURI	Access URI	rdf property	ods:DigitalMedia	http://www.w3.org/2004/02/skos/core#exactMatch	dc:identifier	Identifier	rdf property	http://rs.tdwg.org/ac/terms/Multimedia		https://orcid.org/0000-0002-5669-2769	https://dissco.eu	2025-10-10
ac:accessURI	Access URI	rdf property	ods:DigitalMedia	http://www.w3.org/2004/02/skos/core#narrowMatch	dcterms:identifier	Identifier	rdf property	http://rs.gbif.org/terms/1.0/Multimedia		https://orcid.org/0000-0002-5669-2769	https://dissco.eu	2025-10-10
ac:accessURI	Access URI	rdf property	ods:DigitalMedia	http://www.w3.org/2004/02/skos/core#exactMatch	dc:identifier	Identifier	rdf property	http://rs.gbif.org/terms/1.0/Multimedia		https://orcid.org/0000-0002-5669-2769	https://dissco.eu	2025-10-10
ac:accessURI	Access URI	rdf property	ods:DigitalMedia	http://www.w3.org/2004/02/skos/core#narrowMatch	dcterms:references	References	rdf property	http://rs.gbif.org/terms/1.0/Multimedia		https://orcid.org/0000-0002-5669-2769	https://dissco.eu	2025-10-10
dcterms:format	Format	rdf property	ods:DigitalMedia	http://www.w3.org/2004/02/skos/core#exactMatch	dcterms:format	Format	rdf property	http://rs.tdwg.org/ac/terms/Multimedia		https://orcid.org/0000-0002-5669-2769	https://dissco.eu	2025-10-10
dcterms:format	Format	rdf property	ods:DigitalMedia	http://www.w3.org/2004/02/skos/core#broadMatch	dc:format	Format	rdf property	http://rs.tdwg.org/ac/terms/Multimedia		https://orcid.org/0000-0002-5669-2769	https://dissco.eu	2025-10-10
dcterms:format	Format	rdf property	ods:DigitalMedia	http://www.w3.org/2004/02/skos/core#exactMatch	dcterms:format	Format	rdf property	http://rs.gbif.org/terms/1.0/Multimedia		https://orcid.org/0000-0002-5669-2769	https://dissco.eu	2025-10-10
dcterms:format	Format	rdf property	ods:DigitalMedia	http://www.w3.org/2004/02/skos/core#broadMatch	dc:format	Format	rdf property	http://rs.gbif.org/terms/1.0/Multimedia		https://orcid.org/0000-0002-5669-2769	https://dissco.eu	2025-10-10
ac:metadataLanguage	Metadata Language	rdf property	ods:DigitalMedia	http://www.w3.org/2004/02/skos/core#exactMatch	ac:metadataLanguage	Metadata Language	rdf property	http://rs.tdwg.org/ac/terms/Multimedia		https://orcid.org/0000-0002-5669-2769	https://dissco.eu	2025-10-10
ac:metadataLanguageLiteral	Metadata Language Literal	rdf property	ods:DigitalMedia	http://www.w3.org/2004/02/skos/core#exactMatch	ac:metadataLanguageLiteral	Metadata Language Literal	rdf property	http://rs.tdwg.org/ac/terms/Multimedia		https://orcid.org/0000-0002-5669-2769	https://dissco.eu	2025-10-10
ac:subtype	Subtype	rdf property	ods:DigitalMedia	http://www.w3.org/2004/02/skos/core#exactMatch	ac:subtype	Subtype	rdf property	http://rs.tdwg.org/ac/terms/Multimedia		https://orcid.org/0000-0002-5669-2769	https://dissco.eu	2025-10-10
ac:subtypeLiteral	Subtype Literal	rdf property	ods:DigitalMedia	http://www.w3.org/2004/02/skos/core#exactMatch	ac:subtypeLiteral	Subtype Literal	rdf property	http://rs.tdwg.org/ac/terms/Multimedia		https://orcid.org/0000-0002-5669-2769	https://dissco.eu	2025-10-10
dcterms:title	Title	rdf property	ods:DigitalMedia	http://www.w3.org/2004/02/skos/core#exactMatch	dcterms:title	Title	rdf property	http://rs.tdwg.org/ac/terms/Multimedia		https://orcid.org/0000-0002-5669-2769	https://dissco.eu	2025-10-10
dcterms:title	Title	rdf property	ods:DigitalMedia	http://www.w3.org/2004/02/skos/core#exactMatch	dcterms:title	Title	rdf property	http://rs.gbif.org/terms/1.0/Multimedia		https://orcid.org/0000-0002-5669-2769	https://dissco.eu	2025-10-10
dcterms:language	Language	rdf property	ods:DigitalMedia	http://www.w3.org/2004/02/skos/core#exactMatch	dcterms:language	Language	rdf property	http://rs.tdwg.org/ac/terms/Multimedia		https://orcid.org/0000-0002-5669-2769	https://dissco.eu	2025-10-10
dcterms:language	Language	rdf property	ods:DigitalMedia	http://www.w3.org/2004/02/skos/core#broadMatch	dc:language	Language	rdf property	http://rs.tdwg.org/ac/terms/Multimedia		https://orcid.org/0000-0002-5669-2769	https://dissco.eu	2025-10-10
dcterms:description	Description	rdf property	ods:DigitalMedia	http://www.w3.org/2004/02/skos/core#exactMatch	dcterms:description	Description	rdf property	http://rs.tdwg.org/ac/terms/Multimedia		https://orcid.org/0000-0002-5669-2769	https://dissco.eu	2025-10-10
dcterms:description	Description	rdf property	ods:DigitalMedia	http://www.w3.org/2004/02/skos/core#exactMatch	dcterms:description	Description	rdf property	http://rs.gbif.org/terms/1.0/Multimedia		https://orcid.org/0000-0002-5669-2769	https://dissco.eu	2025-10-10
dcterms:rights	Rights	rdf property	ods:DigitalMedia	http://www.w3.org/2004/02/skos/core#exactMatch	dcterms:rights	Rights	rdf property	http://rs.tdwg.org/ac/terms/Multimedia		https://orcid.org/0000-0002-5669-2769	https://dissco.eu	2025-10-10
dcterms:rights	Rights	rdf property	ods:DigitalMedia	http://www.w3.org/2004/02/skos/core#exactMatch	dcterms:rights	Rights	rdf property	http://rs.gbif.org/terms/1.0/Multimedia		https://orcid.org/0000-0002-5669-2769	https://dissco.eu	2025-10-10
dcterms:rights	Rights	rdf property	ods:DigitalMedia	http://www.w3.org/2004/02/skos/core#broadMatch	dc:rights	Rights	rdf property	http://rs.tdwg.org/ac/terms/Multimedia		https://orcid.org/0000-0002-5669-2769	https://dissco.eu	2025-10-10
dcterms:rights	Rights	rdf property	ods:DigitalMedia	http://www.w3.org/2004/02/skos/core#narrowMatch	eml:license	License	rdf property		This is a dataset license			2025-10-10
xmpRights:UsageTerms	Usage Terms	rdf property	ods:DigitalMedia	http://www.w3.org/2004/02/skos/core#exactMatch	xmpRights:UsageTerms	Usage Terms	rdf property	http://rs.tdwg.org/ac/terms/Multimedia		https://orcid.org/0000-0002-5669-2769	https://dissco.eu	2025-10-10
xmpRights:WebStatement	Web Statement	rdf property	ods:DigitalMedia	http://www.w3.org/2004/02/skos/core#exactMatch	xmpRights:WebStatement	Web Statement	rdf property	http://rs.tdwg.org/ac/terms/Multimedia		https://orcid.org/0000-0002-5669-2769	https://dissco.eu	2025-10-10
dcterms:available	Available	rdf property	ods:DigitalMedia	http://www.w3.org/2004/02/skos/core#exactMatch	dcterms:available	Available	rdf property	http://rs.tdwg.org/ac/terms/Multimedia		https://orcid.org/0000-0002-5669-2769	https://dissco.eu	2025-10-10
ac:comments	Comments	rdf property	ods:DigitalMedia	http://www.w3.org/2004/02/skos/core#exactMatch	ac:comments	Comments	rdf property	http://rs.tdwg.org/ac/terms/Multimedia		https://orcid.org/0000-0002-5669-2769	https://dissco.eu	2025-10-10
ac:comments	Comments	rdf property	ods:DigitalMedia	http://www.w3.org/2004/02/skos/core#exactMatch	abcd:comment/value	Comment/value	rdf property	http://rs.tdwg.org/ac/terms/Multimedia		https://orcid.org/0000-0002-5669-2769	https://dissco.eu	2025-10-10
dcterms:source	Source	rdf property	ods:DigitalMedia	http://www.w3.org/2004/02/skos/core#exactMatch	dcterms:source	Source	rdf property	http://rs.tdwg.org/ac/terms/Multimedia		https://orcid.org/0000-0002-5669-2769	https://dissco.eu	2025-10-10
dcterms:source	Source	rdf property	ods:DigitalMedia	http://www.w3.org/2004/02/skos/core#exactMatch	dcterms:source	Source	rdf property	http://rs.gbif.org/terms/1.0/Multimedia		https://orcid.org/0000-0002-5669-2769	https://dissco.eu	2025-10-10
dcterms:source	Source	rdf property	ods:DigitalMedia	http://www.w3.org/2004/02/skos/core#exactMatch	dc:source	Source	rdf property	http://rs.tdwg.org/ac/terms/Multimedia		https://orcid.org/0000-0002-5669-2769	https://dissco.eu	2025-10-10
Iptc4xmpExt:CVterm	CV Term	rdf property	ods:DigitalMedia	http://www.w3.org/2004/02/skos/core#exactMatch	Iptc4xmpExt:CVterm	Cvterm	rdf property	http://rs.tdwg.org/ac/terms/Multimedia		https://orcid.org/0000-0002-5669-2769	https://dissco.eu	2025-10-10
ac:subjectCategoryVocabulary	Subject Category Vocabulary	rdf property	ods:DigitalMedia	http://www.w3.org/2004/02/skos/core#exactMatch	ac:subjectCategoryVocabulary	Subject Category Vocabulary	rdf property	http://rs.tdwg.org/ac/terms/Multimedia		https://orcid.org/0000-0002-5669-2769	https://dissco.eu	2025-10-10
ac:variant	Variant	rdf property	ods:DigitalMedia	http://www.w3.org/2004/02/skos/core#exactMatch	ac:variant	Variant	rdf property	http://rs.tdwg.org/ac/terms/Multimedia		https://orcid.org/0000-0002-5669-2769	https://dissco.eu	2025-10-10
ac:variantLiteral	Variant Literal	rdf property	ods:DigitalMedia	http://www.w3.org/2004/02/skos/core#exactMatch	ac:variantLiteral	Variant Literal	rdf property	http://rs.tdwg.org/ac/terms/Multimedia		https://orcid.org/0000-0002-5669-2769	https://dissco.eu	2025-10-10
ac:variantDescription	Variant Description	rdf property	ods:DigitalMedia	http://www.w3.org/2004/02/skos/core#exactMatch	ac:variantDescription	Variant Description	rdf property	http://rs.tdwg.org/ac/terms/Multimedia		https://orcid.org/0000-0002-5669-2769	https://dissco.eu	2025-10-10
exif:PixelYDimension	Pixel Y Dimension	rdf property	ods:DigitalMedia	http://www.w3.org/2004/02/skos/core#exactMatch	exif:PixelYDimension	Pixel Ydimension	rdf property	http://rs.tdwg.org/ac/terms/Multimedia		https://orcid.org/0000-0002-5669-2769	https://dissco.eu	2025-10-10
exif:PixelXDimension	Pixel X Dimension	rdf property	ods:DigitalMedia	http://www.w3.org/2004/02/skos/core#exactMatch	exif:PixelXDimension	Pixel Xdimension	rdf property	http://rs.tdwg.org/ac/terms/Multimedia		https://orcid.org/0000-0002-5669-2769	https://dissco.eu	2025-10-10
ac:tag	Tag	rdf property	ods:DigitalMedia	http://www.w3.org/2004/02/skos/core#exactMatch	ac:tag	Tag	rdf property	http://rs.tdwg.org/ac/terms/Multimedia		https://orcid.org/0000-0002-5669-2769	https://dissco.eu	2025-10-10
xmp:CreateDate	Create Date	rdf property	ods:DigitalMedia	http://www.w3.org/2004/02/skos/core#exactMatch	xmp:CreateDate	Create Date	rdf property	http://rs.tdwg.org/ac/terms/Multimedia		https://orcid.org/0000-0002-5669-2769	https://dissco.eu	2025-10-10
xmp:CreateDate	Create Date	rdf property	ods:DigitalMedia	http://www.w3.org/2004/02/skos/core#exactMatch	dcterms:created	Created	rdf property	http://rs.gbif.org/terms/1.0/Multimedia		https://orcid.org/0000-0002-5669-2769	https://dissco.eu	2025-10-10
ac:timeOfDay	Time Of Day	rdf property	ods:DigitalMedia	http://www.w3.org/2004/02/skos/core#exactMatch	ac:timeOfDay	Time Of Day	rdf property	http://rs.tdwg.org/ac/terms/Multimedia		https://orcid.org/0000-0002-5669-2769	https://dissco.eu	2025-10-10
ac:subjectOrientation	Subject Orientation	rdf property	ods:DigitalMedia	http://www.w3.org/2004/02/skos/core#exactMatch	ac:subjectOrientation	Subject Orientation	rdf property	http://rs.tdwg.org/ac/terms/Multimedia		https://orcid.org/0000-0002-5669-2769	https://dissco.eu	2025-10-10
ac:subjectOrientationLiteral	Subject Orientation Literal	rdf property	ods:DigitalMedia	http://www.w3.org/2004/02/skos/core#exactMatch	ac:subjectOrientationLiteral	Subject Orientation Literal	rdf property	http://rs.tdwg.org/ac/terms/Multimedia		https://orcid.org/0000-0002-5669-2769	https://dissco.eu	2025-10-10
ac:subjectPart	Subject Part	rdf property	ods:DigitalMedia	http://www.w3.org/2004/02/skos/core#exactMatch	ac:subjectPart	Subject Part	rdf property	http://rs.tdwg.org/ac/terms/Multimedia		https://orcid.org/0000-0002-5669-2769	https://dissco.eu	2025-10-10
ac:subjectPartLiteral	Subject Part Literal	rdf property	ods:DigitalMedia	http://www.w3.org/2004/02/skos/core#exactMatch	ac:subjectPartLiteral	Subject Part Literal	rdf property	http://rs.tdwg.org/ac/terms/Multimedia		https://orcid.org/0000-0002-5669-2769	https://dissco.eu	2025-10-10
ac:captureDevice	Capture Device	rdf property	ods:DigitalMedia	http://www.w3.org/2004/02/skos/core#exactMatch	ac:captureDevice	Capture Device	rdf property	http://rs.tdwg.org/ac/terms/Multimedia		https://orcid.org/0000-0002-5669-2769	https://dissco.eu	2025-10-10
ac:digitizationDate	Digitization Date	rdf property	ods:DigitalMedia	http://www.w3.org/2004/02/skos/core#exactMatch	ac:digitizationDate	Digitization Date	rdf property	http://rs.tdwg.org/ac/terms/Multimedia		https://orcid.org/0000-0002-5669-2769	https://dissco.eu	2025-10-10
ac:frameRate	Frame Rate	rdf property	ods:DigitalMedia	http://www.w3.org/2004/02/skos/core#exactMatch	ac:frameRate	Frame Rate	rdf property	http://rs.tdwg.org/ac/terms/Multimedia		https://orcid.org/0000-0002-5669-2769	https://dissco.eu	2025-10-10
ac:resourceCreationTechnique	Resource Creation Technique	rdf property	ods:DigitalMedia	http://www.w3.org/2004/02/skos/core#exactMatch	ac:resourceCreationTechnique	Resource Creation Technique	rdf property	http://rs.tdwg.org/ac/terms/Multimedia		https://orcid.org/0000-0002-5669-2769	https://dissco.eu	2025-10-10
